取得日時,権利年月,残日数(D-N),コード,銘柄名,日興在庫,カブ在庫,楽天在庫,SBI信号,GMO信号,松井信号,マネ信号,株価,株数,クロス日数,貸株コスト,最大逆日歩,Rtn_楽天,Rtn_日興,Rtn_SBI
2026-09-17 17:32,2026-09,4,1431,Ｌｉｂ　Ｗｏｒｋ,,,,―,―,―,―,656,100,8,16,90.0,,,―
2026-09-17 17:32,2026-09,4,1438,岐阜造園,,,,―,―,―,―,2304,200,8,111,0,,,―
2026-09-17 17:32,2026-09,4,1711,ＳＤＳホールディングス,,,,―,―,―,―,245,3000,8,177,0,,,―
2026-09-17 17:32,2026-09,4,1770,藤田エンジニアリング,,,,―,―,―,―,2294,100,8,55,0,,,―
2026-09-17 17:32,2026-09,4,1783,ｆａｎｔａｓｉｓｔａ,,,,―,―,―,―,68,1000,8,16,0,,,―
2026-09-17 17:32,2026-09,4,1795,マサル,,,,―,―,―,―,5830,200,8,281,0,,,―
2026-09-17 17:32,2026-09,4,1822,大豊建設,16000,0,0,×,―,―,―,832,100,8,20,36.0,0,16000,×
2026-09-17 17:32,2026-09,4,1828,田辺工業,,,,―,―,―,―,2462,100,8,59,0,,,―
2026-09-17 17:32,2026-09,4,1848,富士ピー・エス,0,,,―,―,―,―,828,100,8,20,12,,,―
2026-09-17 17:32,2026-09,4,1867,植木組,0,,,―,―,―,―,2739,100,8,66,0.0,,,―
2026-09-17 17:32,2026-09,4,1879,新日本建設,0,0,0,×,―,―,―,2297,300,8,166,0,0,0,×
2026-09-17 17:32,2026-09,4,1904,大成温調,,,,―,―,―,―,5160,300,8,373,250.0,,,―
2026-09-17 17:32,2026-09,4,1952,新日本空調,3700,57900,2000,▲,―,◎,―,3215,300,8,233,2.0,,,▲
2026-09-17 17:32,2026-09,4,2053,中部飼料,8400,28100,49000,◎,1000,―,―,2064,500,8,249,4.0,49000,8400,◎
2026-09-17 17:32,2026-09,4,2114,フジ日本,,,,―,―,―,―,675,100,8,16,29.0,,,―
2026-09-17 17:32,2026-09,4,2120,ＬＩＦＵＬＬ,0,,,×,―,―,―,235,4000,8,227,0.0,,,×
2026-09-17 17:32,2026-09,4,2122,インタースペース,,,,―,―,―,―,1458,400,8,141,0,,,―
2026-09-17 17:32,2026-09,4,2185,シイエム・シイ,,,,―,―,―,―,1998,100,8,48,0,,,―
2026-09-17 17:32,2026-09,4,2201,森永製菓,2600,199500,800,▲,―,◎,―,2489,100,8,60,0.0,,,▲
2026-09-17 17:32,2026-09,4,2207,ｍｅｉｔｏ,1600,,0,×,―,―,―,3465,100,8,84,18,0,1600,×
2026-09-17 17:32,2026-09,4,2208,ブルボン,,,,―,―,―,―,3130,100,8,75,0,,,―
2026-09-17 17:32,2026-09,4,2209,井村屋,0,,2700,◎,―,―,―,2366,100,8,57,0,2700,0,◎
2026-09-17 17:32,2026-09,4,2220,亀田製菓,4800,16000,900,◎,―,◎,―,1344,100,8,32,3.0,900,4800,◎
2026-09-17 17:32,2026-09,4,2221,岩塚製菓,,,,―,―,―,―,3045,200,8,147,0,,,―
2026-09-17 17:32,2026-09,4,2226,湖池屋,,,,―,―,―,―,4915,100,8,118,1.0,,,―
2026-09-17 17:32,2026-09,4,2264,森永乳業,7500,1271900,13000,◎,―,◎,―,1140,200,8,55,6.0,13000,7500,◎
2026-09-17 17:32,2026-09,4,2267,ヤクルト本社,1100,615400,1900,▲,―,◎,―,2832,100,8,68,5.0,,,▲
2026-09-17 17:32,2026-09,4,2281,プリマハム,19000,0,22000,◎,200,―,―,2418,200,8,117,6.0,22000,19000,◎
2026-09-17 17:32,2026-09,4,2282,日本ハム,1600,501500,4100,▲,1000,◎,―,6211,300,8,449,13.0,4100,1600,▲
2026-09-17 17:32,2026-09,4,2288,丸大食品,25000,0,0,×,200,―,―,2286,200,8,110,15.0,0,25000,×
2026-09-17 17:32,2026-09,4,2307,クロスＣ,4400,,8800,▲,―,―,―,1077,200,8,52,0,8800,4400,▲
2026-09-17 17:32,2026-09,4,2335,キューブＳ,3500,,0,×,―,―,―,1097,200,8,53,18.0,0,3500,×
2026-09-17 17:32,2026-09,4,2340,極楽湯ホールディングス,,,,―,―,―,―,535,100,8,13,0,,,―
2026-09-17 17:32,2026-09,4,2378,ルネサンス,0,,,×,―,―,―,1051,100,8,25,48,,0,×
2026-09-17 17:32,2026-09,4,2432,Ｄ・Ｎ・Ａ,2200,48700,3600,▲,300,◎,―,2535,100,8,61,0,3600,2200,▲
2026-09-17 17:32,2026-09,4,2454,オールアバウト,,,,―,―,―,―,351,300,8,25,0,,,―
2026-09-17 17:32,2026-09,4,2464,Ａｏｂａ－ＢＢＴ,0,,,―,―,―,―,368,100,8,9,0,,,―
2026-09-17 17:32,2026-09,4,2480,システム・ロケーション,,,,―,―,―,―,1838,100,8,44,0,,,―
2026-09-17 17:32,2026-09,4,2497,ユナイテッド,,,,―,―,―,―,526,1000,8,127,12,,,―
2026-09-17 17:32,2026-09,4,2551,マルサンアイ,,,,―,―,―,―,3620,100,1,11,0,,,―
2026-09-17 17:32,2026-09,4,2586,フルッタフルッタ,,,,―,―,―,―,68,100,8,2,0,,,―
2026-09-17 17:32,2026-09,4,2594,キーコーヒー,400,,0,×,―,―,―,2004,100,8,48,17.0,0,400,×
2026-09-17 17:32,2026-09,4,2652,まんだらけ,,,,―,―,―,―,437,100,8,11,16.0,,,―
2026-09-17 17:32,2026-09,4,2654,アスモ,,,,―,―,―,―,429,300,8,31,0,,,―
2026-09-17 17:32,2026-09,4,2694,焼肉坂井ホールディングス,,,,―,―,―,―,71,100,8,2,8,,,―
2026-09-17 17:32,2026-09,4,2705,大戸屋ホールディングス,,,,―,―,―,―,9040,100,8,218,2.0,,,―
2026-09-17 17:32,2026-09,4,2733,あらた,3900,70300,15000,◎,200,◎,―,2699,100,8,65,7.0,15000,3900,◎
2026-09-17 17:32,2026-09,4,2737,トーメンデバイス,2000,,,×,―,―,―,37000,100,8,892,0,,,×
2026-09-17 17:32,2026-09,4,2749,ＪＰホールディングス,0,,0,×,―,―,―,679,500,8,82,2.0,,,×
2026-09-17 17:32,2026-09,4,2750,石光商事,,,,―,―,―,―,1352,300,8,98,4.0,,,―
2026-09-17 17:32,2026-09,4,2764,ひらまつ,0,,,―,―,―,―,169,500,8,20,0,,,―
2026-09-17 17:32,2026-09,4,2790,ナフコ,,,,―,―,―,―,2110,100,8,51,0,,,―
2026-09-17 17:32,2026-09,4,2805,ヱスビー食品,,,,―,―,―,―,7750,100,8,187,0,,,―
2026-09-17 17:32,2026-09,4,2810,ハウス食品グループ本社,3300,49700,1900,▲,―,◎,―,3987,100,8,96,3.0,,,▲
2026-09-17 17:32,2026-09,4,2814,佐藤食品工業,,,,―,―,―,―,1915,300,8,139,0,,,―
2026-09-17 17:32,2026-09,4,2815,アリアケジャパン,1500,150100,1300,▲,―,◎,―,5240,1000,8,1263,5.0,,,▲
2026-09-17 17:32,2026-09,4,2816,ダイショー,,,,―,―,―,―,1418,100,8,34,36,,,―
2026-09-17 17:32,2026-09,4,2818,ピエトロ,0,,,―,―,―,―,1758,100,8,42,14.0,,,―
2026-09-17 17:32,2026-09,4,2831,はごろもフーズ,,,,―,―,―,―,3685,100,8,89,0,,,―
2026-09-17 17:32,2026-09,4,2874,横浜冷凍,7600,42200,14400,◎,―,◎,―,2150,1000,8,518,2.0,,,◎
2026-09-17 17:32,2026-09,4,2883,大冷,0,,,―,―,―,―,2000,100,8,48,0,,0,―
2026-09-17 17:32,2026-09,4,2897,日清食品,2100,375900,4700,▲,300,◎,―,2949,900,8,640,10.0,4700,2100,▲
2026-09-17 17:32,2026-09,4,2907,あじかん,,,,―,―,―,―,1530,500,8,184,1.0,,,―
2026-09-17 17:32,2026-09,4,2911,旭松食品,,,,―,―,―,―,2260,2000,8,1090,0,,,―
2026-09-17 17:32,2026-09,4,2916,仙波糖化工業,,,,―,―,―,―,738,500,8,89,0,,,―
2026-09-17 17:32,2026-09,4,2917,大森屋,,,,―,―,―,―,925,1000,8,223,0,,,―
2026-09-17 17:32,2026-09,4,2933,紀文食品,3100,,0,×,―,―,―,1131,300,8,82,29.0,0,3100,×
2026-09-17 17:32,2026-09,4,2974,大英産業,,,,―,―,―,―,918,100,8,22,0,,,―
2026-09-17 17:32,2026-09,4,2998,クリアル,,,,―,―,―,―,526,100,8,13,0,,,―
2026-09-17 17:32,2026-09,4,3002,グンゼ,7800,42400,12000,▲,―,◎,―,4055,100,8,98,18.0,12000,7800,▲
2026-09-17 17:32,2026-09,4,3010,ポラリス・ホールディングス,,,,―,―,―,―,188,500,8,23,0,,,―
2026-09-17 17:32,2026-09,4,3032,ゴルフ・ドゥ,,,,―,―,―,―,232,500,8,28,0,,,―
2026-09-17 17:32,2026-09,4,3066,ＪＢイレブン,,,,―,―,―,―,653,100,8,16,0,,,―
2026-09-17 17:32,2026-09,4,3067,東京一番フーズ,0,,,―,―,―,―,467,500,8,56,14.0,,,―
2026-09-17 17:32,2026-09,4,3069,ＪＦＬＡホールディングス,,,,―,―,―,×,165,500,8,20,24,,,―
2026-09-17 17:32,2026-09,4,3088,マツココ,12000,1262300,68000,▲,1000,◎,▲,2497,100,8,60,6.0,68000,12000,▲
2026-09-17 17:32,2026-09,4,3096,オーシャンシステム,,,,―,―,―,―,1616,200,8,78,0,,,―
2026-09-17 17:32,2026-09,4,3099,三越伊勢丹,7100,793700,1900,▲,―,◎,―,3272,100,8,79,3.0,1900,7100,▲
2026-09-17 17:32,2026-09,4,3143,オーウイル,,,,―,―,―,―,717,300,8,52,0,,,―
2026-09-17 17:32,2026-09,4,3153,八洲電機,32000,,0,×,―,―,―,3155,100,8,76,0,0,32000,×
2026-09-17 17:32,2026-09,4,3167,ＴＯＫＡＩ,31000,193500,181000,◎,―,◎,―,1384,300,8,100,3.0,181000,31000,◎
2026-09-17 17:32,2026-09,4,3175,エー・ピーホールディングス,0,,,―,―,―,―,980,200,8,47,0,,,―
2026-09-17 17:32,2026-09,4,3176,三洋貿易,4300,0,0,×,―,―,―,1171,500,8,141,0.0,0,4300,×
2026-09-17 17:32,2026-09,4,3178,チムニー,0,,,―,―,―,―,1206,100,8,29,21.0,,,―
2026-09-17 17:32,2026-09,4,3190,ホットマン,,,,―,―,―,―,585,100,8,14,0,,,―
2026-09-17 17:32,2026-09,4,3199,綿半ホールディングス,6300,1200,4200,▲,―,―,―,1316,100,8,32,0.0,,,▲
2026-09-17 17:32,2026-09,4,3221,ヨシックス,200,,0,×,―,―,―,3230,100,8,78,53.0,0,200,×
2026-09-17 17:32,2026-09,4,3224,ゼネラル・オイスター,,,,―,―,―,―,698,1000,8,168,0,,,―
2026-09-17 17:32,2026-09,4,3232,三重交通,0,,0,×,―,―,―,599,100,8,14,5.0,0,0,×
2026-09-17 17:32,2026-09,4,3237,イントランス,,,,―,―,―,―,95,1000,8,23,0,,,―
2026-09-17 17:32,2026-09,4,3289,東急不動産,2400,64000,11000,―,5000,◎,―,1283,100,8,31,1.0,11000,2400,―
2026-09-17 17:32,2026-09,4,3306,日本製麻,,,,―,―,―,―,699,3000,8,506,0,,,―
2026-09-17 17:32,2026-09,4,3358,Ｔｒａｉｌｈｅａｄ　Ｇｌｏｂａｌ　Ｈｏｌ,,,,―,―,―,―,94,2500,8,57,0,,,―
2026-09-17 17:32,2026-09,4,3359,ｃｏｔｔａ,,,,―,―,―,―,520,1500,8,188,0,,,―
2026-09-17 17:32,2026-09,4,3371,ソフトクリエ,5000,14100,17000,◎,―,◎,―,2160,100,8,52,2.0,17000,5000,◎
2026-09-17 17:32,2026-09,4,3372,関門海,,,,―,―,―,―,220,100,8,5,0,,,―
2026-09-17 17:32,2026-09,4,3392,デリカフーズホールディングス,0,,,―,―,―,―,801,400,8,77,0,,,―
2026-09-17 17:32,2026-09,4,3397,トリドール,3800,,0,×,―,―,―,4400,100,8,106,5,0,3800,×
2026-09-17 17:32,2026-09,4,3435,サンコーテクノ,,,,―,―,―,―,1525,500,8,184,0,,,―
2026-09-17 17:32,2026-09,4,3447,信和,0,,,―,―,―,―,1013,1500,8,366,0,,,―
2026-09-17 17:32,2026-09,4,3461,パルマ,,,,―,―,―,―,628,100,8,15,0,,,―
2026-09-17 17:32,2026-09,4,3465,ケイアイスター不動産,5200,29300,800,▲,―,◎,―,3245,200,8,156,16.0,,,▲
2026-09-17 17:32,2026-09,4,3477,フォーライフ,,,,―,―,―,―,916,1000,8,221,0,,,―
2026-09-17 17:32,2026-09,4,3494,マリオン,,,,―,―,―,―,451,100,8,11,0,,,―
2026-09-17 17:32,2026-09,4,3529,アツギ,0,,,―,―,―,―,1049,100,8,25,0.0,,,―
2026-09-17 17:32,2026-09,4,3537,昭栄薬品,,,,―,―,―,―,1742,600,8,252,0,,,―
2026-09-17 17:32,2026-09,4,3561,力の源ホールディングス,0,,,×,―,―,―,1492,100,8,36,26.0,,,×
2026-09-17 17:32,2026-09,4,3563,ＦＯＯＤ＆Ｌ,8600,598400,32000,◎,―,◎,―,4846,100,8,117,2.0,32000,8600,◎
2026-09-17 17:32,2026-09,4,3569,セーレン,1000,166500,1100,▲,―,◎,―,3265,100,8,79,4.0,,,▲
2026-09-17 17:32,2026-09,4,3591,ワコール,300,64400,1100,▲,―,◎,―,3994,100,8,96,8.0,1100,300,▲
2026-09-17 17:32,2026-09,4,3598,山喜,,,,―,―,―,―,167,100,8,4,0,,,―
2026-09-17 17:32,2026-09,4,3648,ＡＧＳ,0,,,―,―,―,―,1044,200,8,50,1.0,,,―
2026-09-17 17:32,2026-09,4,3674,オークファン,,,,―,―,―,―,337,300,8,24,5.0,,,―
2026-09-17 17:32,2026-09,4,3679,じげん,2500,,0,×,―,―,―,451,100,8,11,1.0,0,2500,×
2026-09-17 17:32,2026-09,4,3690,イルグルム,,,,―,―,―,―,577,100,8,14,11.0,,,―
2026-09-17 17:32,2026-09,4,3691,デジタルプラス,,,,―,―,―,―,1898,700,8,320,0,,,―
2026-09-17 17:32,2026-09,4,3710,ジョルダン,,,,―,―,―,―,638,100,8,15,6.0,,,―
2026-09-17 17:32,2026-09,4,3712,情報企画,,,,―,―,―,―,994,1000,8,240,5.0,,,―
2026-09-17 17:32,2026-09,4,3726,フォーシーズＨＤ,,,,―,―,―,―,398,100,8,10,0,,,―
2026-09-17 17:32,2026-09,4,3750,サイトリ細胞研究所,,,,―,―,―,―,848,100,8,20,0,,,―
2026-09-17 17:32,2026-09,4,3762,テクマト,1800,109800,1900,▲,1000,◎,―,2487,500,8,300,1.0,1900,1800,▲
2026-09-17 17:32,2026-09,4,3768,リスクモンスター,,,,―,―,―,―,560,300,8,41,0.0,,,―
2026-09-17 17:32,2026-09,4,3769,ＧＭＯペイメントゲートウェイ,900,139100,100,▲,―,◎,―,8678,100,8,209,0,,,▲
2026-09-17 17:32,2026-09,4,3771,システムリサ,22000,0,0,×,―,―,―,1920,100,8,46,0.0,0,22000,×
2026-09-17 17:32,2026-09,4,3772,ウェルス・マネジメント,,,,―,―,―,―,1095,200,8,53,0,,,―
2026-09-17 17:32,2026-09,4,3778,さくらインタ,100,,,▲,―,―,―,3520,100,8,85,54.0,,100,▲
2026-09-17 17:32,2026-09,4,3796,いい生活,,,,―,―,―,―,330,100,8,8,0,,,―
2026-09-17 17:32,2026-09,4,3799,キーウェアソリューションズ,,,,―,―,―,―,1144,300,8,83,19.0,,,―
2026-09-17 17:32,2026-09,4,3839,ＯＤＫソリューションズ,0,,,―,―,―,―,625,100,8,15,11.0,,,―
2026-09-17 17:32,2026-09,4,3844,コムチュア,6300,25800,9100,◎,―,◎,―,1341,300,8,97,0,9100,6300,◎
2026-09-17 17:32,2026-09,4,3861,王子ホールディングス,3300,80500,2000,◎,―,◎,―,873,5000,8,1052,0.0,,,◎
2026-09-17 17:32,2026-09,4,3912,モバイルファクトリー,0,,,―,―,―,―,1135,1000,8,274,0.0,,,―
2026-09-17 17:32,2026-09,4,3939,カナミックＮ,4400,,2700,▲,―,―,―,490,100,8,12,0,2700,4400,▲
2026-09-17 17:32,2026-09,4,3964,オークネット,0,,8600,―,―,―,―,1300,100,,43,,8600,0,―
2026-09-17 17:32,2026-09,4,3965,キャピタル・アセット・プランニング,0,,,―,―,―,―,884,300,8,64,0,,,―
2026-09-17 17:32,2026-09,4,3969,エイトレッド,0,,,―,―,―,―,1404,100,8,34,0,,,―
2026-09-17 17:32,2026-09,4,3985,テモナ,0,,,―,―,―,―,194,100,8,5,0,,,―
2026-09-17 17:32,2026-09,4,4008,住友精化,700,361800,1000,▲,―,◎,―,1494,500,8,180,9.0,,,▲
2026-09-17 17:32,2026-09,4,4051,ＧＭＯフィナンシャルゲート,,,0,×,―,―,―,6210,100,8,150,0,,,×
2026-09-17 17:32,2026-09,4,4061,デンカ,1000,10200,30100,▲,―,◎,―,3351,1,8,1,3.0,,,▲
2026-09-17 17:32,2026-09,4,4064,カーバイド,0,13700,1500,▲,―,―,―,3545,100,8,85,0,1500,0,▲
2026-09-17 17:32,2026-09,4,4094,日本化学産業,,,,―,―,―,―,2285,300,8,165,0,,,―
2026-09-17 17:32,2026-09,4,4124,大阪油化工業,,,,―,―,―,―,3020,100,8,73,0,,,―
2026-09-17 17:32,2026-09,4,4177,ｉ－ｐｌｕｇ,,,,―,―,―,―,1520,100,8,37,0,,,―
2026-09-17 17:32,2026-09,4,4193,ファブリカホールディングス,,,,―,―,―,―,2156,200,8,104,0,,,―
2026-09-17 17:32,2026-09,4,4196,ネオマーケティング,,,,―,―,―,―,1972,500,8,238,0,,,―
2026-09-17 17:32,2026-09,4,4218,ニチバン,4500,0,0,▲,―,―,―,1941,100,8,47,0.0,,,▲
2026-09-17 17:32,2026-09,4,4220,リケンテク,6400,40200,300,×,―,―,―,2380,200,8,115,2.0,300,6400,×
2026-09-17 17:32,2026-09,4,4290,プレステージ,18000,93300,0,×,―,―,―,698,100,8,17,0,0,18000,×
2026-09-17 17:32,2026-09,4,4323,日本システム技術,3800,,0,▲,―,―,―,1915,100,8,46,5.0,,,▲
2026-09-17 17:32,2026-09,4,4365,松本油脂製薬,,,,―,―,―,―,25000,100,8,603,0,,,―
2026-09-17 17:32,2026-09,4,4373,シンプレクス,72000,176800,73000,―,―,◎,―,1160,600,8,168,0,73000,72000,―
2026-09-17 17:32,2026-09,4,4376,くふうカンパニーホールディングス,,,,―,―,―,―,174,100,8,4,0,,,―
2026-09-17 17:32,2026-09,4,4417,グローバルセキュリティエキスパート,,,,―,―,―,―,5410,200,8,261,0,,,―
2026-09-17 17:32,2026-09,4,4421,ディ・アイ・システム,,,,―,―,―,―,947,100,8,23,0,,,―
2026-09-17 17:32,2026-09,4,4442,バルテス・ホールディングス,,,,―,―,―,―,402,500,8,48,1.0,,,―
2026-09-17 17:32,2026-09,4,4444,インフォネット,,,,―,―,―,―,990,300,8,72,0,,,―
2026-09-17 17:32,2026-09,4,4445,リビン・テクノロジーズ,,,,―,―,―,―,1946,200,8,94,0,,,―
2026-09-17 17:32,2026-09,4,4447,ピー・ビーシステムズ,,,,―,―,―,―,504,100,8,12,5.0,,,―
2026-09-17 17:32,2026-09,4,4462,石原ケミカル,1300,,20000,▲,200,―,―,2802,200,8,135,3.0,20000,1300,▲
2026-09-17 17:32,2026-09,4,4484,ランサーズ,,,,―,―,―,―,298,500,8,36,0,,,―
2026-09-17 17:32,2026-09,4,4491,コンピューターマネージメント,,,,―,―,―,―,3260,100,8,79,0,,,―
2026-09-17 17:32,2026-09,4,4526,理研ビタミン,3500,26900,4500,◎,200,◎,―,3315,100,8,80,5.0,4500,3500,◎
2026-09-17 17:32,2026-09,4,4539,日本ケミファ,0,,,―,―,―,―,1569,1,8,0,0,,,―
2026-09-17 17:32,2026-09,4,4540,ツムラ,1000,143500,1700,▲,―,◎,―,3802,100,8,92,0,,,▲
2026-09-17 17:32,2026-09,4,4543,テルモ,1000,161700,500,◎,―,◎,―,2244,100,8,54,0.0,,,◎
2026-09-17 17:32,2026-09,4,4559,ゼリア新薬,5900,49100,12000,▲,1000,◎,―,2008,100,8,48,3.0,12000,5900,▲
2026-09-17 17:32,2026-09,4,4658,日本空調Ｓ,17000,,0,×,―,―,―,1575,100,8,38,3.0,0,17000,×
2026-09-17 17:32,2026-09,4,4661,オリランド,27000,40900,161000,◎,―,◎,▲,3002,100,8,72,2,161000,27000,◎
2026-09-17 17:32,2026-09,4,4665,ダスキン,3600,87300,43700,▲,◎,◎,―,4669,100,8,113,8.0,,,▲
2026-09-17 17:32,2026-09,4,4676,フジ・メディ,1400,19800,20000,―,―,◎,―,4096,100,8,99,4.0,20000,1400,―
2026-09-17 17:32,2026-09,4,4680,ラウンドワン,4700,1602000,21000,◎,2000,◎,―,1158,100,8,28,0.0,21000,4700,◎
2026-09-17 17:32,2026-09,4,4718,早稲田アカデ,0,,0,×,―,―,―,2535,100,8,61,36,0,0,×
2026-09-17 17:32,2026-09,4,4719,アルファＳ,900,700,400,▲,―,―,―,3280,100,8,79,0,400,900,▲
2026-09-17 17:32,2026-09,4,4732,Ｕ・Ｓ・Ｓ,0,1555900,160000,◎,500,◎,―,1910,100,8,46,4.0,160000,0,◎
2026-09-17 17:32,2026-09,4,4751,サイバーＡ,8900,2122600,35000,◎,◎,◎,―,1254,100,8,30,0,35000,8900,◎
2026-09-17 17:32,2026-09,4,4762,エックスネット,0,,,―,―,―,―,2176,100,8,52,0,,,―
2026-09-17 17:32,2026-09,4,4783,ＮＣＤ,,,,―,―,―,―,2649,100,8,64,2.0,,,―
2026-09-17 17:32,2026-09,4,4801,セントラル,1200,,0,×,―,―,―,2400,100,8,58,0,0,1200,×
2026-09-17 17:32,2026-09,4,4814,ネクストウェア,,,,―,―,―,―,162,500,8,20,0,,,―
2026-09-17 17:32,2026-09,4,4838,スペースシャワーＳＫＩＹＡＫＩホールディ,,,,―,―,―,―,718,100,8,17,0,,,―
2026-09-17 17:32,2026-09,4,4839,ＷＯＷＯＷ,0,,0,×,―,―,―,1003,100,8,24,0.0,,,×
2026-09-17 17:32,2026-09,4,4901,富士フイルムホールディングス,500,889300,1500,▲,―,◎,―,3300,100,8,80,0,,,▲
2026-09-17 17:32,2026-09,4,4902,コニカミノル,2300,98800,1200,▲,―,◎,―,647,100,8,16,0,1200,2300,▲
2026-09-17 17:32,2026-09,4,4925,ハーバー研究所,,,,―,―,―,―,1727,100,8,42,15.0,,,―
2026-09-17 17:32,2026-09,4,4931,新日本製薬,2500,,0,×,―,―,―,2053,100,8,49,15,0,2500,×
2026-09-17 17:32,2026-09,4,4932,アルマード,,,,―,―,―,―,819,100,8,20,0,,,―
2026-09-17 17:32,2026-09,4,4937,Ｗａｑｏｏ,,,,―,―,―,―,2400,100,8,58,0,,,―
2026-09-17 17:32,2026-09,4,4951,エステー,1700,2300,7800,◎,―,―,―,1524,1000,8,367,4.0,7800,1700,◎
2026-09-17 17:32,2026-09,4,4958,長谷川香料,2900,290200,20000,▲,1000,◎,―,3475,100,8,84,6.0,20000,2900,▲
2026-09-17 17:32,2026-09,4,4990,昭和化学工業,,,,―,―,―,―,521,1000,8,126,0,,,―
2026-09-17 17:32,2026-09,4,4997,日本農薬,12000,0,0,×,―,―,―,1158,100,8,28,1.0,0,12000,×
2026-09-17 17:32,2026-09,4,5071,ヴィス,,,,―,―,―,―,1518,200,8,73,0,,,―
2026-09-17 17:32,2026-09,4,5121,藤倉コンポジット,0,1800,400,▲,―,―,―,2786,100,8,67,0.0,,,▲
2026-09-17 17:32,2026-09,4,5142,アキレス,1400,28100,1200,▲,―,―,―,1810,100,8,44,2.0,1200,1400,▲
2026-09-17 17:32,2026-09,4,5237,ノザワ,,,,―,―,―,―,1232,100,8,30,0,,,―
2026-09-17 17:32,2026-09,4,5262,日本ヒューム,0,,0,×,―,―,―,1139,600,8,165,2.0,0,0,×
2026-09-17 17:32,2026-09,4,5290,ベルテクスコーポレーション,,,,―,―,―,―,1245,300,8,90,4.0,,,―
2026-09-17 17:32,2026-09,4,5368,日本インシュレーション,,,,―,―,―,―,1000,300,8,72,0,,,―
2026-09-17 17:32,2026-09,4,5401,日本製鉄,1100,5800,1600,◎,―,◎,―,683,1000,8,165,5.0,,,◎
2026-09-17 17:32,2026-09,4,5463,丸一鋼管,7200,650300,28600,◎,◎,◎,―,1735,100,8,42,10.0,,,◎
2026-09-17 17:32,2026-09,4,5607,中央可鍛工業,,,,―,―,―,―,611,100,8,15,0,,,―
2026-09-17 17:32,2026-09,4,6033,エクストリーム,,,,―,―,―,―,1796,100,8,43,0,,,―
2026-09-17 17:32,2026-09,4,6045,レントラックス,,,,―,―,―,―,2090,100,8,50,29.0,,,―
2026-09-17 17:32,2026-09,4,6046,リンクバル,,,,―,―,―,―,150,1000,8,36,0.0,,,―
2026-09-17 17:32,2026-09,4,6050,イー・ガーディアン,0,,0,×,―,―,―,1800,100,8,43,29.0,,,×
2026-09-17 17:32,2026-09,4,6070,キャリアリン,4400,400,5300,▲,―,―,―,2505,100,8,60,0,5300,4400,▲
2026-09-17 17:32,2026-09,4,6073,アサンテ,0,0,,×,―,―,―,1512,100,8,36,5.0,,0,×
2026-09-17 17:32,2026-09,4,6087,アビスト,0,,,―,―,―,―,3550,500,8,428,0,,,―
2026-09-17 17:32,2026-09,4,6092,エンバイオ・ホールディングス,,,,―,―,―,―,801,1000,8,193,1,,,―
2026-09-17 17:32,2026-09,4,6140,旭ダイヤモンド工業,0,,1300,▲,―,◎,―,1109,300,8,80,1.0,,,▲
2026-09-17 17:32,2026-09,4,6181,タメニー,,,,―,―,―,―,90,100,8,2,0,,,―
2026-09-17 17:32,2026-09,4,6189,グローバルキッズＣＯＭＰＡＮＹ,0,,,―,―,―,―,1010,500,8,122,4.0,,,―
2026-09-17 17:32,2026-09,4,6193,バーチャレクス・ホールディングス,,,,―,―,―,―,1168,200,8,56,0,,,―
2026-09-17 17:32,2026-09,4,6240,ヤマシンＦ,100,,,×,―,―,―,525,200,8,25,1.0,,100,×
2026-09-17 17:32,2026-09,4,6277,ホソカワミク,5900,25400,7000,◎,500,◎,―,5770,100,8,139,7.0,7000,5900,◎
2026-09-17 17:32,2026-09,4,6282,オイレス工業,25000,0,0,×,―,◎,―,2919,300,8,211,7.0,0,25000,×
2026-09-17 17:32,2026-09,4,6316,丸山製作所,0,,,―,―,―,―,2988,100,8,72,12.0,,,―
2026-09-17 17:32,2026-09,4,6325,タカキタ,0,,,―,―,―,―,420,100,8,10,14.0,,,―
2026-09-17 17:32,2026-09,4,6332,月島,1200,86000,300,▲,―,◎,―,2680,500,8,323,0.0,300,1200,▲
2026-09-17 17:32,2026-09,4,6339,新東工業,9800,58000,15300,▲,―,◎,―,1200,100,8,29,2.0,,,▲
2026-09-17 17:32,2026-09,4,6379,レイズネク,43000,2000,400,×,―,―,―,3060,400,8,295,13.0,400,43000,×
2026-09-17 17:32,2026-09,4,6412,平和,8100,70200,65000,◎,400,◎,―,2208,200,8,106,6.0,65000,8100,◎
2026-09-17 17:32,2026-09,4,6417,SANKYO,1900,672300,4700,▲,―,◎,―,2112,500,8,255,9.0,4700,1900,▲
2026-09-17 17:32,2026-09,4,6419,マースグループホールディングス,1100,9100,1000,◎,―,◎,―,3165,1000,8,763,6.0,,,◎
2026-09-17 17:32,2026-09,4,6430,ダイコク電機,0,,0,×,―,―,―,2489,100,8,60,4.0,0,0,×
2026-09-17 17:32,2026-09,4,6549,ディーエムソリューションズ,,,,―,―,―,―,1108,400,8,107,0,,,―
2026-09-17 17:32,2026-09,4,6551,ツナググループ・ホールディングス,0,,,―,―,―,―,616,500,8,74,0.0,,,―
2026-09-17 17:32,2026-09,4,6557,ＡＩＡＩグループ,,,,―,―,―,―,737,600,8,107,0,,,―
2026-09-17 17:32,2026-09,4,6570,共和コーポレーション,,,,―,―,―,―,3385,100,8,82,8,,,―
2026-09-17 17:32,2026-09,4,6574,コンヴァノ,,,,―,―,―,―,117,1000,8,28,0,,,―
2026-09-17 17:32,2026-09,4,6625,ＪＡＬＣＯホールディングス,,,,―,―,―,―,361,5000,8,435,8.0,,,―
2026-09-17 17:32,2026-09,4,6644,大崎電機,23000,0,0,×,―,―,―,1470,100,8,35,0,0,23000,×
2026-09-17 17:32,2026-09,4,6676,バッファロー,0,,0,×,―,―,―,3195,100,8,77,9.0,,,×
2026-09-17 17:32,2026-09,4,6737,ＥＩＺＯ,1000,56200,1700,▲,―,◎,―,3145,100,8,76,4.0,1700,1000,▲
2026-09-17 17:32,2026-09,4,6803,ティアック,,,,―,―,―,×,98,5000,8,118,0,,,―
2026-09-17 17:32,2026-09,4,6848,東亜ディーケーケー,0,,,―,―,―,―,866,300,8,63,22.0,,,―
2026-09-17 17:32,2026-09,4,6899,ＡＳＴＩ,,,,―,―,―,―,2348,200,8,113,0,,,―
2026-09-17 17:32,2026-09,4,6942,ソフィアホールディングス,,,,―,―,―,―,1440,100,8,35,0,,,―
2026-09-17 17:32,2026-09,4,6947,図研,2200,100300,3600,×,200,◎,―,4895,100,8,118,8.0,3600,2200,×
2026-09-17 17:32,2026-09,4,7041,ＣＲＧホールディングス,,,,―,―,―,―,339,500,8,41,0,,,―
2026-09-17 17:32,2026-09,4,7069,サイバー・バズ,,,,―,―,―,―,499,100,8,12,0,,,―
2026-09-17 17:32,2026-09,4,7075,ＱＬＳホールディングス,,,,―,―,―,―,1030,500,8,124,0,,,―
2026-09-17 17:32,2026-09,4,7076,名南Ｍ＆Ａ,,,,―,―,―,―,1040,300,8,75,0,,,―
2026-09-17 17:32,2026-09,4,7084,Ｓｍｉｌｅ　Ｈｏｌｄｉｎｇｓ,,,,―,―,―,―,2771,300,8,200,0,,,―
2026-09-17 17:32,2026-09,4,7087,ウイルテック,,,,―,―,―,―,1429,300,8,103,20.0,,,―
2026-09-17 17:32,2026-09,4,7090,リグア,,,,―,―,―,―,968,300,8,70,0,,,―
2026-09-17 17:32,2026-09,4,7091,リビングプラットフォーム,,,,―,―,―,―,1313,200,8,63,0,,,―
2026-09-17 17:32,2026-09,4,7102,日本車輌製造,1000,11000,1500,▲,―,―,―,3550,100,8,86,0.0,1500,1000,▲
2026-09-17 17:32,2026-09,4,7119,ハルメクホールディングス,,,,―,―,―,―,2232,100,8,54,24,,,―
2026-09-17 17:32,2026-09,4,7122,近畿車輛,0,,,―,―,―,―,2395,200,8,115,0.0,,,―
2026-09-17 17:32,2026-09,4,7127,一家ホールディングス,0,,,―,―,―,―,706,100,8,17,0,,,―
2026-09-17 17:32,2026-09,4,7129,ミアヘルサホールディングス,,,,―,―,―,―,1198,100,8,29,0,,,―
2026-09-17 17:32,2026-09,4,7185,ヒロセ通商,,,,―,―,―,―,3885,100,8,94,0,,,―
2026-09-17 17:32,2026-09,4,7201,日産自動車,0,2498800,3300,▲,―,◎,―,314,100,8,8,0.0,,,▲
2026-09-17 17:32,2026-09,4,7213,レシップホールディングス,0,,,―,―,―,―,679,500,8,82,2.0,,,―
2026-09-17 17:32,2026-09,4,7231,トピー工業,1900,9200,800,▲,―,◎,―,3135,100,8,76,6.0,,,▲
2026-09-17 17:32,2026-09,4,7241,フタバ産業,16000,112200,10000,◎,―,◎,―,1096,100,8,26,0,10000,16000,◎
2026-09-17 17:32,2026-09,4,7273,イクヨ,,,,―,―,―,―,618,1000,8,149,0,,,―
2026-09-17 17:32,2026-09,4,7278,エクセディ,1800,8400,900,×,―,◎,―,5900,100,8,142,23.0,,,×
2026-09-17 17:32,2026-09,4,7296,エフ・シー・シー,2700,118100,3100,▲,◎,◎,―,4180,200,8,202,4.0,,,▲
2026-09-17 17:32,2026-09,4,7380,十六フィナ,2900,376900,17000,▲,―,◎,―,2654,1000,8,640,6.0,17000,2900,▲
2026-09-17 17:32,2026-09,4,7412,アトム,0,,,―,―,―,―,360,100,8,9,24,,,―
2026-09-17 17:32,2026-09,4,7419,ノジマ,11000,673800,9700,◎,1000,◎,―,1270,300,8,92,4.0,9700,11000,◎
2026-09-17 17:32,2026-09,4,7421,カッパ・Ｃ,0,,0,×,―,―,―,1605,100,8,39,27.0,0,0,×
2026-09-17 17:32,2026-09,4,7446,東北化学薬品,,,,―,―,―,―,4530,100,8,109,0,,,―
2026-09-17 17:32,2026-09,4,7458,第一興商,29000,141500,78000,▲,1000,◎,―,1884,200,8,91,9.0,78000,29000,▲
2026-09-17 17:32,2026-09,4,7462,ＣＡＰＩＴＡ,,,,―,―,―,―,409,800,8,79,0,,,―
2026-09-17 17:32,2026-09,4,7472,鳥羽洋行,,,,―,―,―,―,3900,100,8,94,0.0,,,―
2026-09-17 17:32,2026-09,4,7476,アズワン,2300,8200,1200,▲,―,◎,―,2517,100,8,61,7.0,,,▲
2026-09-17 17:32,2026-09,4,7481,尾家産業,0,,,―,―,―,―,2555,100,8,62,0,,,―
2026-09-17 17:32,2026-09,4,7494,コナカ,0,,,―,―,―,―,244,100,8,6,2.0,,,―
2026-09-17 17:32,2026-09,4,7502,プラザホールディングス,,,,―,―,―,―,1703,100,8,41,0,,,―
2026-09-17 17:32,2026-09,4,7505,扶桑電通,,,,―,―,―,―,2102,100,8,51,0,,,―
2026-09-17 17:32,2026-09,4,7510,たけびし,8300,,0,×,―,―,―,2735,100,8,66,5.0,0,8300,×
2026-09-17 17:32,2026-09,4,7522,ワタミ,9500,,40000,×,―,―,―,908,100,8,22,2.0,40000,9500,×
2026-09-17 17:32,2026-09,4,7539,アイナボホールディングス,,,,―,―,―,―,813,100,8,20,10.0,,,―
2026-09-17 17:32,2026-09,4,7550,ゼンショー,2000,343100,49000,◎,5000,◎,―,10980,100,8,265,4.0,49000,2000,◎
2026-09-17 17:32,2026-09,4,7551,ウェッズ,,,,―,―,―,―,705,1000,8,170,4.0,,,―
2026-09-17 17:32,2026-09,4,7555,大田花き,,,,―,―,―,―,749,100,8,18,0,,,―
2026-09-17 17:32,2026-09,4,7562,安楽亭,,,,―,―,―,―,3845,100,8,93,0,,,―
2026-09-17 17:32,2026-09,4,7578,ニチリョク,,,,―,―,―,―,76,100,8,2,0,,,―
2026-09-17 17:32,2026-09,4,7593,ＶＴ,11000,222600,38000,◎,―,◎,―,523,100,8,13,1.0,38000,11000,◎
2026-09-17 17:32,2026-09,4,7595,アルゴＧ,1200,,500,▲,―,―,―,1200,100,,40,,500,1200,▲
2026-09-17 17:32,2026-09,4,7596,魚力,2600,,0,×,―,―,―,2300,100,8,55,0,0,2600,×
2026-09-17 17:32,2026-09,4,7616,コロワイド,3100,,0,×,―,―,―,2028,500,8,244,16,0,3100,×
2026-09-17 17:32,2026-09,4,7621,うかい,,,,―,―,―,―,3415,100,8,82,0,,,―
2026-09-17 17:32,2026-09,4,7628,オーハシテク,8100,,5600,▲,―,―,―,1169,100,8,28,4.0,5600,8100,▲
2026-09-17 17:32,2026-09,4,7634,星医療酸器,,,,―,―,―,―,5090,100,8,123,0,,,―
2026-09-17 17:32,2026-09,4,7638,ＮＥＷ　ＡＲＴ　ＨＯＬＤＩＮＧＳ,,,,―,―,―,―,1402,1,8,0,5.0,,,―
2026-09-17 17:32,2026-09,4,7643,ダイイチ,,,,―,―,―,―,1728,100,8,42,0,,,―
2026-09-17 17:32,2026-09,4,7646,ＰＬＡＮＴ,0,,,―,―,―,―,1958,100,1,6,0,,,―
2026-09-17 17:32,2026-09,4,7677,ヤシマキザイ,,,,―,―,―,―,2767,100,8,67,0,,,―
2026-09-17 17:32,2026-09,4,7698,アイスコ,,,,―,―,―,―,2888,100,8,70,0,,,―
2026-09-17 17:32,2026-09,4,7711,助川電気工業,,,,―,―,―,―,5150,1000,8,1242,0,,,―
2026-09-17 17:32,2026-09,4,7752,リコー,500,2103300,300,▲,―,◎,―,1657,1,8,0,2.0,,,▲
2026-09-17 17:32,2026-09,4,7792,コラントッテ,,,,―,―,―,―,1474,100,8,36,0,,,―
2026-09-17 17:32,2026-09,4,7800,アミファ,,,,―,―,―,―,968,100,8,23,0,,,―
2026-09-17 17:32,2026-09,4,7806,ＭＴＧ,,300,,×,―,―,―,7480,100,8,180,55.0,,,×
2026-09-17 17:32,2026-09,4,7819,粧美堂,0,,,―,―,―,―,986,300,8,71,4.0,,,―
2026-09-17 17:32,2026-09,4,7823,アトネイチャ,4100,,0,×,―,―,―,821,700,8,139,2.0,0,4100,×
2026-09-17 17:32,2026-09,4,7837,アールシーコア,,,,―,―,―,―,346,100,8,8,0.0,,,―
2026-09-17 17:32,2026-09,4,7839,ＳＨＯＥＩ,6800,87500,13000,▲,―,◎,―,2071,100,8,50,6.0,13000,6800,▲
2026-09-17 17:32,2026-09,4,7857,セキ,,,,―,―,―,―,1290,100,8,31,0,,,―
2026-09-17 17:32,2026-09,4,7867,タカラトミー,1300,198200,1100,▲,―,◎,―,3878,100,8,93,2.0,,,▲
2026-09-17 17:32,2026-09,4,7872,エステールホールディングス,0,,,―,―,―,―,616,100,8,15,0,,,―
2026-09-17 17:32,2026-09,4,7885,タカノ,0,,,―,―,―,―,1144,100,8,28,9,,,―
2026-09-17 17:32,2026-09,4,7914,共同印刷,1000,24400,400,▲,―,―,―,1757,200,8,85,8.0,,,▲
2026-09-17 17:32,2026-09,4,7916,光村印刷,0,,,―,―,―,―,1905,100,8,46,0.0,,,―
2026-09-17 17:32,2026-09,4,7919,野崎印刷紙業,,,,―,―,―,―,225,1000,8,54,0.0,,,―
2026-09-17 17:32,2026-09,4,7952,河合楽器,1700,,900,▲,―,―,―,3325,100,8,80,9.0,900,1700,▲
2026-09-17 17:32,2026-09,4,7979,松風,2900,49800,600,▲,―,◎,―,2219,100,8,53,3.0,,,▲
2026-09-17 17:32,2026-09,4,7980,重松製作所,,,,―,―,―,―,873,1000,8,210,0,,,―
2026-09-17 17:32,2026-09,4,8022,ミズノ,700,,1200,▲,―,◎,―,3945,100,8,95,6.0,1200,700,▲
2026-09-17 17:32,2026-09,4,8023,ＤＡＩＫＯ　ＸＴＥＣＨ,,,,―,―,―,―,1040,100,8,25,3.0,,,―
2026-09-17 17:32,2026-09,4,8041,ＯＵＧホールディングス,0,,,―,―,―,―,4640,100,8,112,43.0,,,―
2026-09-17 17:32,2026-09,4,8043,スターゼン,16000,28500,10000,×,―,◎,―,1545,100,8,37,10.0,10000,16000,×
2026-09-17 17:32,2026-09,4,8045,横浜丸魚,,,,―,―,―,―,2030,300,8,147,0,,,―
2026-09-17 17:32,2026-09,4,8052,椿本興業,3400,,0,×,―,―,―,2932,100,8,71,9.0,0,3400,×
2026-09-17 17:32,2026-09,4,8059,第一実業,100,0,0,×,―,―,―,3635,400,8,351,0,0,100,×
2026-09-17 17:32,2026-09,4,8081,カナデン,8600,22200,18000,▲,―,◎,―,2600,100,8,63,0,18000,8600,▲
2026-09-17 17:32,2026-09,4,8089,ナイス,0,,,―,―,―,―,1981,100,8,48,3.0,,,―
2026-09-17 17:32,2026-09,4,8098,稲畑産業,3400,177400,700,▲,200,◎,―,4520,100,8,109,6.0,700,3400,▲
2026-09-17 17:32,2026-09,4,8101,ＧＳＩクレオス,2800,,3600,◎,―,―,―,2623,100,8,63,0.0,,,◎
2026-09-17 17:32,2026-09,4,8111,ゴールドＷ,2200,268800,800,▲,―,◎,―,2130,100,8,51,9,800,2200,▲
2026-09-17 17:32,2026-09,4,8118,キング,0,,,―,―,―,―,1180,100,8,28,1.0,,,―
2026-09-17 17:32,2026-09,4,8135,ゼット,,,,―,―,―,―,429,100,8,10,0,,,―
2026-09-17 17:32,2026-09,4,8136,サンリオ,19000,81000,20000,▲,5000,◎,▲,1191,100,8,29,4.0,20000,19000,▲
2026-09-17 17:32,2026-09,4,8151,東陽テクニカ,600,,0,×,―,―,―,1836,300,8,133,0.0,0,600,×
2026-09-17 17:32,2026-09,4,8153,モスフード,23000,0,0,×,0,―,×,3960,100,8,95,28,0,23000,×
2026-09-17 17:32,2026-09,4,8157,都築電気,7200,7200,21000,◎,200,◎,―,4270,100,8,103,8.0,21000,7200,◎
2026-09-17 17:32,2026-09,4,8160,木曽路,5400,,0,×,―,―,―,2442,100,8,59,40,0,5400,×
2026-09-17 17:32,2026-09,4,8163,ＳＲＳ,0,,0,×,―,―,―,1520,100,8,37,17.0,0,0,×
2026-09-17 17:32,2026-09,4,8173,Ｊｏｓｈｉｎ,13000,0,63000,▲,―,◎,―,4245,100,8,102,12.0,63000,13000,▲
2026-09-17 17:32,2026-09,4,8207,テンアライド,0,,,―,―,―,―,301,100,8,7,0,,,―
2026-09-17 17:32,2026-09,4,8214,ＡＯＫＩ,7200,27800,11000,◎,1000,◎,―,1713,100,8,41,4.0,11000,7200,◎
2026-09-17 17:32,2026-09,4,8219,青山商事,2000,15700,1400,▲,0,◎,―,758,100,8,18,12.0,1400,2000,▲
2026-09-17 17:32,2026-09,4,8228,マルイチ産商,,,,―,―,―,―,1048,100,8,25,0,,,―
2026-09-17 17:32,2026-09,4,8242,Ｈ・２・Ｏ,5000,278400,26000,◎,500,◎,―,2871,100,8,69,1.0,26000,5000,◎
2026-09-17 17:32,2026-09,4,8255,アクシアル,2000,152400,17000,◎,―,◎,―,1330,100,8,32,4.0,17000,2000,◎
2026-09-17 17:32,2026-09,4,8275,フォーバル,0,,0,×,―,―,―,1007,100,8,24,31.0,0,0,×
2026-09-17 17:32,2026-09,4,8281,ゼビオ,14000,17400,18000,▲,1000,―,―,1126,100,8,27,2.0,18000,14000,▲
2026-09-17 17:32,2026-09,4,8282,ケーズ,30000,564700,170000,◎,6000,◎,▲,1898,100,8,46,3.0,170000,30000,◎
2026-09-17 17:32,2026-09,4,8316,三井住友フィナンシャルグループ,,448900,5400,◎,―,◎,―,6842,100,8,165,2.0,,,◎
2026-09-17 17:32,2026-09,4,8336,武蔵野銀行,1700,241400,400,▲,―,◎,―,2846,200,8,137,3.0,400,1700,▲
2026-09-17 17:32,2026-09,4,8345,岩手銀行,1000,191000,49900,―,―,◎,▲,2724,100,8,66,0,,,―
2026-09-17 17:32,2026-09,4,8361,大垣共立銀行,1000,80700,1300,▲,―,◎,―,8490,500,8,1023,0,,,▲
2026-09-17 17:32,2026-09,4,8370,紀陽銀行,1000,146500,1000,◎,―,―,―,5230,400,8,504,3.0,1000,1000,◎
2026-09-17 17:32,2026-09,4,8421,信金中央金庫,,,,―,―,―,―,191800,1,8,46,1575,,,―
2026-09-17 17:32,2026-09,4,8544,京葉銀行,1000,267500,400,▲,―,◎,―,2856,500,8,344,2.0,,,▲
2026-09-17 17:32,2026-09,4,8601,大和証券,4400,1713100,25000,◎,―,◎,―,1831,1000,8,441,0.0,25000,4400,◎
2026-09-17 17:32,2026-09,4,8624,いちよし証券,1800,5000,400,―,―,◎,▲,1672,100,8,40,0.0,,,―
2026-09-17 17:32,2026-09,4,8698,マネックスグループ,2000,355100,2200,▲,―,◎,―,713,100,8,17,0,,,▲
2026-09-17 17:32,2026-09,4,8705,日産証券グループ,,,,―,―,―,―,223,100,8,5,4,,,―
2026-09-17 17:32,2026-09,4,8739,スパークス,14000,0,200,◎,―,―,―,2621,300,8,190,14.0,200,14000,◎
2026-09-17 17:32,2026-09,4,8789,フィンテック　グローバル,,,,―,―,―,―,160,1000,8,39,0,,,―
2026-09-17 17:32,2026-09,4,8798,アドバンスクリエイト,0,,,―,―,―,―,137,100,8,3,18.0,,,―
2026-09-17 17:32,2026-09,4,8818,京阪神ビル,0,0,0,×,―,―,―,1110,600,8,161,0,0,0,×
2026-09-17 17:32,2026-09,4,8850,スターツ,800,109500,1300,▲,―,◎,―,4685,100,8,113,6.0,1300,800,▲
2026-09-17 17:32,2026-09,4,8892,エスコン,1000,5200,600,▲,―,◎,―,1119,1000,8,270,0,,,▲
2026-09-17 17:32,2026-09,4,8897,MIRARTH,0,0,0,×,―,―,―,450,1000,8,108,0,0,0,×
2026-09-17 17:32,2026-09,4,8938,グローム・ホールディングス,,,,―,―,―,―,337,100,8,8,0,,,―
2026-09-17 17:32,2026-09,4,8986,大和証券リビング投資法人,1,6107,394,▲,―,◎,―,93100,1,8,22,270,,,▲
2026-09-17 17:32,2026-09,4,9001,東武鉄道,10000,790500,50000,▲,11600,◎,―,2977,200,8,144,5.0,50000,10000,▲
2026-09-17 17:32,2026-09,4,9003,相鉄,23000,0,30000,▲,―,◎,―,2654,200,8,128,6.0,30000,23000,▲
2026-09-17 17:32,2026-09,4,9005,東急,3300,60700,15000,▲,5000,◎,―,1668,100,8,40,3.0,15000,3300,▲
2026-09-17 17:32,2026-09,4,9006,京浜急行電鉄,4300,399100,9900,▲,0,◎,―,1565,200,8,75,4.0,9900,4300,▲
2026-09-17 17:32,2026-09,4,9007,小田急電鉄,3000,1166000,11000,▲,―,◎,―,1834,500,8,221,2.0,11000,3000,▲
2026-09-17 17:32,2026-09,4,9008,京王電鉄,6600,24900,8400,▲,―,◎,―,799,100,8,19,32,8400,6600,▲
2026-09-17 17:32,2026-09,4,9009,京成電鉄,104000,5000,11000,▲,―,◎,―,1374,100,8,33,1.0,11000,104000,▲
2026-09-17 17:32,2026-09,4,9010,富士急行,1100,0,0,×,―,―,―,2629,100,8,63,101.0,0,1100,×
2026-09-17 17:32,2026-09,4,9023,東京地下鉄,700,4400,2000,▲,―,◎,―,1532,200,8,74,2.0,2000,700,▲
2026-09-17 17:32,2026-09,4,9024,西武,21000,,27000,▲,5000,◎,―,3551,300,8,257,2.0,27000,21000,▲
2026-09-17 17:32,2026-09,4,9029,ヒガシホールディングス,,,,―,―,―,―,1801,500,8,217,0,,,―
2026-09-17 17:32,2026-09,4,9031,西日本鉄道,8100,0,125000,▲,―,◎,―,3127,100,8,75,4,125000,8100,▲
2026-09-17 17:32,2026-09,4,9033,広島電鉄,,,,―,―,―,―,632,500,8,76,1.0,,,―
2026-09-17 17:32,2026-09,4,9035,第一交通産業,,,,―,―,―,―,745,100,8,18,0,,,―
2026-09-17 17:32,2026-09,4,9039,サカイ引越センター,8800,300,100900,◎,―,◎,―,3020,300,8,218,9.0,,,◎
2026-09-17 17:32,2026-09,4,9041,近鉄グループホールディングス,7700,327300,150900,▲,◎,◎,―,3554,100,8,86,7.0,,,▲
2026-09-17 17:32,2026-09,4,9042,阪急阪神,600,656900,19000,▲,6200,◎,―,4616,100,8,111,4.0,19000,600,▲
2026-09-17 17:32,2026-09,4,9044,ＮＡＮＫＡＩ,22000,57400,130000,▲,10300,◎,―,3186,200,8,154,4.0,130000,22000,▲
2026-09-17 17:32,2026-09,4,9045,京阪ホールディングス,2900,324900,10300,▲,―,◎,―,3235,300,8,234,7.0,,,▲
2026-09-17 17:32,2026-09,4,9046,神戸電鉄,1500,,0,×,―,―,―,2494,100,8,60,50,0,1500,×
2026-09-17 17:32,2026-09,4,9048,名古屋鉄道,59000,200,182000,▲,―,◎,―,1909,600,8,276,9,182000,59000,▲
2026-09-17 17:32,2026-09,4,9051,センコン物流,,,,―,―,―,―,1290,500,8,156,0,,,―
2026-09-17 17:32,2026-09,4,9052,山陽電鉄,200,,,×,―,―,―,2005,100,8,48,34.0,,200,×
2026-09-17 17:32,2026-09,4,9081,神奈川中交,3100,,0,×,―,―,―,4055,100,8,98,17.0,0,3100,×
2026-09-17 17:32,2026-09,4,9083,神姫バス,,,,―,―,―,―,1988,100,8,48,0,,,―
2026-09-17 17:32,2026-09,4,9090,AZ-COM丸和,0,,,×,―,―,―,903,400,8,87,0,,0,×
2026-09-17 17:32,2026-09,4,9104,商船三井,2500,47400,6700,◎,―,◎,―,7149,100,8,172,86.0,6700,2500,◎
2026-09-17 17:32,2026-09,4,9201,日本航空,8500,,13000,▲,1000,◎,―,3004,200,8,145,3.0,13000,8500,▲
2026-09-17 17:32,2026-09,4,9202,ＡＮＡ,4400,,19000,◎,―,◎,―,2944,100,8,71,2.0,19000,4400,◎
2026-09-17 17:32,2026-09,4,9206,スターフライヤー,,,,―,―,―,―,1945,100,8,47,0,,,―
2026-09-17 17:32,2026-09,4,9212,Ｇｒｅｅｎ　Ｅａｒｔｈ　Ｉｎｓｔｉｔｕｔ,,,,―,―,―,―,288,100,8,7,0,,,―
2026-09-17 17:32,2026-09,4,9221,フルハシＥＰＯ,,,,―,―,―,―,1188,200,8,57,0,,,―
2026-09-17 17:32,2026-09,4,9223,ＡＳＮＯＶＡ,,,,―,―,―,―,421,1000,8,102,0,,,―
2026-09-17 17:32,2026-09,4,9244,デジタリフト,,,,―,―,―,―,1405,300,8,102,0,,,―
2026-09-17 17:32,2026-09,4,9246,プロジェクトホールディングス,,,,―,―,―,―,1129,300,8,82,0,,,―
2026-09-17 17:32,2026-09,4,9247,ＴＲＥホールディングス,1000,101500,800,▲,―,◎,―,1796,1000,8,433,0,,,▲
2026-09-17 17:32,2026-09,4,9249,日本エコシステム,,,,―,―,―,―,1631,500,8,197,0,,,―
2026-09-17 17:32,2026-09,4,9274,ＫＰＰ,19000,31000,6100,◎,―,◎,―,1131,100,8,27,2.0,6100,19000,◎
2026-09-17 17:32,2026-09,4,9305,ヤマタネ,6500,,10000,▲,―,―,―,2103,300,8,152,6.0,10000,6500,▲
2026-09-17 17:32,2026-09,4,9319,中央倉庫,7900,,8000,▲,―,―,―,1829,300,8,132,3.0,8000,7900,▲
2026-09-17 17:32,2026-09,4,9322,川西倉庫,0,,,―,―,―,―,2476,100,8,60,0,,,―
2026-09-17 17:32,2026-09,4,9330,揚羽,,,,―,―,―,―,890,300,8,64,0,,,―
2026-09-17 17:32,2026-09,4,9342,スマサポ,,,,―,―,―,―,980,300,8,71,0,,,―
2026-09-17 17:32,2026-09,4,9347,日本管財,13000,0,25000,×,―,―,―,2949,100,8,71,4.0,25000,13000,×
2026-09-17 17:32,2026-09,4,9368,キムラユニ,0,,,―,―,―,―,957,200,8,46,5.0,,0,―
2026-09-17 17:32,2026-09,4,9404,日本テレビ,2700,425700,3500,▲,―,◎,―,3018,100,8,73,1.0,3500,2700,▲
2026-09-17 17:32,2026-09,4,9405,朝日放送,14000,0,0,×,―,―,―,875,100,8,21,3.0,0,14000,×
2026-09-17 17:32,2026-09,4,9409,テレビ朝日ホールディングス,1100,102500,300,▲,―,◎,―,3170,100,8,76,3.0,,,▲
2026-09-17 17:32,2026-09,4,9413,テレビ東京ホールディングス,800,1000,1200,▲,―,◎,―,3435,100,8,83,2.0,,,▲
2026-09-17 17:32,2026-09,4,9470,学研ホールディングス,8600,,29000,×,―,―,―,1061,100,8,26,1.0,,,×
2026-09-17 17:32,2026-09,4,9517,イーレックス,0,,0,×,―,―,―,849,300,8,61,3.0,0,0,×
2026-09-17 17:32,2026-09,4,9536,西部ガス,800,0,0,×,―,―,―,2638,200,8,127,4.0,0,800,×
2026-09-17 17:32,2026-09,4,9553,マイクロアド,,,,―,―,―,―,630,800,8,122,3,,,―
2026-09-17 17:32,2026-09,4,9562,ビジネスコーチ,,,,―,―,―,―,668,400,8,64,0,,,―
2026-09-17 17:32,2026-09,4,9564,ＦＣＥ,,,,―,―,―,―,564,100,8,14,0,,,―
2026-09-17 17:32,2026-09,4,9605,東映,1900,103600,3200,▲,―,◎,―,6070,500,8,732,5.0,3200,1900,▲
2026-09-17 17:32,2026-09,4,9616,共立メンテ,45000,0,0,×,―,―,―,3159,100,8,76,2.0,0,45000,×
2026-09-17 17:32,2026-09,4,9633,東京テアトル,0,,,―,―,―,―,1903,100,8,46,19.0,,,―
2026-09-17 17:32,2026-09,4,9635,武蔵野興業,,,,―,―,―,―,2551,100,8,62,0,,,―
2026-09-17 17:32,2026-09,4,9643,中日本興業,,,,―,―,―,―,11020,100,8,266,0,,,―
2026-09-17 17:32,2026-09,4,9644,タナベコン,0,,0,×,―,―,―,754,100,8,18,0,0,0,×
2026-09-17 17:32,2026-09,4,9658,太田昭和,6900,900,1900,―,―,―,×,1095,100,8,26,0,1900,6900,―
2026-09-17 17:32,2026-09,4,9679,ホウライ,,,,―,―,―,―,2299,100,8,55,0,,,―
2026-09-17 17:32,2026-09,4,9701,東京會舘,,,,―,―,―,―,4440,100,8,107,0,,,―
2026-09-17 17:32,2026-09,4,9713,ロイヤルホテル,,,,―,―,―,―,916,500,8,110,0.0,,,―
2026-09-17 17:32,2026-09,4,9726,ＫＮＴ-ＣＴ,0,,1500,▲,―,―,―,1961,100,8,47,0,1500,0,▲
2026-09-17 17:32,2026-09,4,9759,ＮＳＤ,9400,229500,7400,▲,2000,◎,―,2867,100,8,69,2.0,7400,9400,▲
2026-09-17 17:32,2026-09,4,9795,ステップ,2900,,1900,◎,―,―,―,2289,100,8,55,5.0,1900,2900,◎
2026-09-17 17:32,2026-09,4,9816,ストライダーズ,,,,―,―,―,―,260,100,8,6,0,,,―
2026-09-17 17:32,2026-09,4,9823,マミーマートホールディングス,,,,―,―,―,―,1005,500,8,121,0,,,―
2026-09-17 17:32,2026-09,4,9828,Ｇｅｎｋｉ,8000,,0,×,―,―,―,3345,200,8,161,22.0,0,8000,×
2026-09-17 17:32,2026-09,4,9831,ヤマダ,72000,,949000,◎,1000,◎,▲,718,100,8,17,2.0,949000,72000,◎
2026-09-17 17:32,2026-09,4,9832,オートバックスセブン,9400,0,75800,◎,◎,◎,―,1602,100,8,39,5.0,,,◎
2026-09-17 17:32,2026-09,4,9849,共同紙販ホールディングス,,,,―,―,―,―,4500,100,8,108,0,,,―
2026-09-17 17:32,2026-09,4,9850,グルメ杵屋,0,,,×,―,―,―,990,100,8,24,10,,0,×
2026-09-17 17:32,2026-09,4,9854,愛眼,0,,,―,―,―,―,283,100,8,7,0.0,,,―
2026-09-17 17:32,2026-09,4,9878,セキド,,,,―,―,―,―,415,500,1,6,0,,,―
2026-09-17 17:32,2026-09,4,9882,イエローハット,5600,146500,19500,▲,◎,◎,―,1757,100,8,42,5.0,,,▲
2026-09-17 17:32,2026-09,4,9890,マキヤ,,,,―,―,―,―,1468,100,8,35,0,,,―
2026-09-17 17:32,2026-09,4,9895,コンセック,,,,―,―,―,―,1280,100,8,31,0,,,―
2026-09-17 17:32,2026-09,4,9900,サガミ,800,,0,×,―,―,―,1115,1000,8,269,10.0,0,800,×
2026-09-17 17:32,2026-09,4,9902,日伝,7000,0,5500,◎,1000,◎,―,3190,100,8,77,8.0,5500,7000,◎
2026-09-17 17:32,2026-09,4,9904,ベリテ,,,,―,―,―,×,241,1000,8,58,0,,,―
2026-09-17 17:32,2026-09,4,9936,王将フード,1900,0,0,×,1000,―,×,2931,100,8,71,23,0,1900,×
2026-09-17 17:32,2026-09,4,9950,ハチバン,,,,―,―,―,―,3425,100,1,10,0,,,―
2026-09-17 17:32,2026-09,4,9955,ヨンキュウ,,,,―,―,―,―,2800,200,8,135,0,,,―
2026-09-17 17:32,2026-09,4,9997,ベルーナ,19000,23100,163000,×,200,―,―,1064,100,8,26,2.0,163000,19000,×
