監視,優先度,コード,銘柄名,優待内容,優待価値,必要資金,総合利回り,売建上限,長期優遇,制度信用指標,権利月
False,,1431,Ｌｉｂ　Ｗｏｒｋ,【100株】クオカード1000円相当,950,7.0,1.45,,,注意喚起:注意喚起 / max逆日歩:90.0,2026-09
False,,1438,岐阜造園,【200株】クオカード1000円相当,950,46.0,0.21,,,,2026-09
False,,1711,ＳＤＳホールディングス,"【3000株】デジタルギフト10,000円相当【注：継続保有制限】",9700,74.0,1.31,,,,2026-09
False,,1770,藤田エンジニアリング,【100株】【2026記念】ペヤングの詰め合わせ 2500円相当,1250,23.0,0.54,,,,2026-09
False,,1783,ｆａｎｔａｓｉｓｔａ,【1000株】デジタルギフト1000円相当など,970,7.0,1.43,,,,2026-09
False,,1795,マサル,【200株】宝くじ 10枚,1200,115.0,0.11,,,,2026-09
False,,1822,大豊建設,【100株】クオカード500円相当,500,8.0,0.6,,,max逆日歩:36.0,2026-09
False,,1828,田辺工業,【100株】クオカード 500円相当,475,24.0,0.19,,,,2026-09
False,,1848,富士ピー・エス,【100株】クオカード 500円相当,475,9.0,0.59,,,max逆日歩:12,2026-09
False,,1867,植木組,【100株】クオカード 500円相当,475,27.0,0.17,,,注意喚起:注意喚起 / max逆日歩:0.0,2026-09
False,,1879,新日本建設,【300株】クオカード10000円,1,69.0,1.4,,,,2026-09
False,,1904,大成温調,【300株】【2027分割変更】クオカード4000円相当,3800,154.0,0.25,,,注意喚起:注意喚起 / max逆日歩:250.0,2026-09
False,,1952,新日本空調,【300株】クオカード2000円相当【注：継続保有制限】,1900,97.0,0.2,,,max逆日歩:2.0,2026-09
False,,2053,中部飼料,【500株】クオカード 1000円相当,950,101.0,0.09,1000,,max逆日歩:4.0,2026-09
False,,2114,フジ日本,【100株】クオカード500円,475,7.0,0.7,,,max逆日歩:29.0,2026-09
False,,2120,ＬＩＦＵＬＬ,【4000株】電子マネー15000円 及び 自社サービス特典【注：継続保有制限】,14550,96.0,1.57,,,max逆日歩:0.0,2026-09
False,,2122,インタースペース,"【400株】VJAギフトカード 10,000円分",9700,58.0,1.71,,,,2026-09
False,,2185,シイエム・シイ,【100株】カタログギフト3000円相当【注：継続保有制限】,1800,20.0,0.9,,,,2026-09
False,,2201,森永製菓,【100株】自社商品1500円相当【注：継続保有制限】,750,25.0,0.3,,,max逆日歩:0.0,2026-09
False,,2207,ｍｅｉｔｏ,【100株】チョコレートなど 2000円相当,2000,34.0,0.6,,,注意喚起:注意喚起 / max逆日歩:18,2026-09
False,,2208,ブルボン,【100株】菓子・飲料等詰め合わせ1000円相当【注：継続保有制限】,500,32.0,0.16,,,,2026-09
False,,2209,井村屋グループ,【100株】和菓子750円相当,750,24.0,0.3,,,注意喚起:申込停止,2026-09
False,,2220,亀田製菓,【100株】「通販いちば」クーポン 500円,500,13.0,0.4,,,max逆日歩:3.0,2026-09
False,,2221,岩塚製菓,【200株】米菓などお菓子 1000円相当,400,61.0,0.07,,,,2026-09
False,,2226,湖池屋,【100株】スナック菓子など2500円相当,1250,49.0,0.26,,,注意喚起:注意喚起 / max逆日歩:1.0,2026-09
False,,2264,森永乳業,【200株】【2027廃止】「森永絹とうふ」など自社製品1500円相当,1500,23.0,0.7,0,,max逆日歩:6.0,2026-09
False,,2267,ヤクルト本社,【100株】「ライト会員」入会権,1000,28.0,0.36,,,max逆日歩:5.0,2026-09
False,,2281,プリマハム,【200株】ハム 3000円相当,3000,48.0,0.6,200,,max逆日歩:6.0,2026-09
False,,2282,日本ハム,【300株】オンラインショップクーポン1000円【注：継続保有制限】,3000,302.0,0.1,1000,,max逆日歩:13.0,2026-09
False,,2288,丸大食品,【200株】ハムなどの自社商品 3000円相当,3000,45.0,0.7,200,,max逆日歩:15.0,2026-09
False,,2307,クロスキャット,【200株】【2027基準日変更】クオカード 500円相当,500,21.0,0.2,,,,2026-09
False,,2335,キューブシステム,【200株】ギフトカード 1000円相当,1000,22.0,0.5,,,注意喚起:注意喚起 / max逆日歩:18.0,2026-09
False,,2340,極楽湯ホールディングス,【100株】無料入浴券 4枚【注：継続保有制限】,2000,5.0,3.7,,,,2026-09
False,,2378,ルネサンス,【100株】株主ご優待券2枚,2000,10.0,1.9,,,注意喚起:申込停止 / max逆日歩:48,2026-09
False,,2432,ディー・エヌ・エー,【100株】プロバスケットボール観戦チケット1枚など,200,25.0,0.08,300,,,2026-09
False,,2454,オールアバウト,【300株】プレミアム優待クラブ 1000ポイント,600,10.0,0.57,,,,2026-09
False,,2464,Ａｏｂａ－ＢＢＴ,【100株】割引券10%,1000,4.0,2.66,,,,2026-09
False,,2480,システム・ロケーション,【100株】クオカード1000円相当,950,19.0,0.51,,,,2026-09
False,,2497,ユナイテッド,【1000株】プレミアム優待クラブ2500ポイント,1500,52.0,0.29,,,注意喚起:申込停止 / max逆日歩:12,2026-09
False,,2551,マルサンアイ,"【100株】自社製品1,500円相当",750,36.0,0.21,,,,2026-09
False,,2586,フルッタフルッタ,【100株】公式ECサイト15%割引,1000,1.0,16.67,,,,2026-09
False,,2594,キーコーヒー,【100株】コーヒーなど 1000円相当,1000,20.0,0.5,,,注意喚起:注意喚起 / max逆日歩:17.0,2026-09
False,,2652,まんだらけ,【100株】まんだらけ株主優待券500円分,310,4.0,0.71,,,max逆日歩:16.0,2026-09
False,,2654,アスモ,【300株】松阪牛カレー1個 及び 松阪牛焼肉缶詰1個,1800,13.0,1.4,,,注意喚起:申込停止,2026-09
False,,2694,焼肉坂井ホールディングス,【100株】10％割引券2枚,640,1.0,8.89,,,注意喚起:申込停止 / max逆日歩:8,2026-09
False,,2705,大戸屋ホールディングス,【100株】食事券 4000円相当,2800,89.0,0.32,,,注意喚起:申込停止 / max逆日歩:2.0,2026-09
False,,2733,あらた,【100株】クオカード 1000円相当,1000,27.0,0.4,0,,max逆日歩:7.0,2026-09
False,,2737,トーメンデバイス,【100株】デジタルギフト2000円などから選択,1940,400.0,0.05,,,,2026-09
False,,2749,ＪＰホールディングス,【500株】クオカード10000円相当【注：継続保有制限】,9500,33.0,2.81,,,注意喚起:注意喚起 / max逆日歩:2.0,2026-09
False,,2750,石光商事,【300株】自社取扱商品 2000円相当【注：継続保有制限】,800,41.0,0.2,,,max逆日歩:4.0,2026-09
False,,2764,ひらまつ,【500株】割引券20％,500,8.0,0.6,,,,2026-09
False,,2790,ナフコ,【100株】ＵＣギフトカード1000円 または ナフコお買物券1000円分,800,21.0,0.38,,,,2026-09
False,,2805,ヱスビー食品,【100株】レトルト食品・調味料など 1000円相当【注：継続保有制限】,500,76.0,0.06,,,,2026-09
False,,2810,ハウス食品グループ本社,【100株】カレールウなど1000円相当【注：継続保有制限】,500,40.0,0.13,,,max逆日歩:3.0,2026-09
False,,2814,佐藤食品工業,【300株】タリーズデジタルギフト4000円分,3880,57.0,0.68,,,,2026-09
False,,2815,アリアケジャパン,【1000株】食品 3000円相当,1500,525.0,0.03,,,max逆日歩:5.0,2026-09
False,,2816,ダイショー,【100株】ドレッシング・調味料など 1000円相当,500,14.0,0.35,,,max逆日歩:36,2026-09
False,,2818,ピエトロ,【100株】通信販売10％割引,1000,18.0,0.57,,,注意喚起:注意喚起 / max逆日歩:14.0,2026-09
False,,2831,はごろもフーズ,【500株】自社商品 600円相当,300,37.0,0.08,,,,2026-09
False,,2874,横浜冷凍,【1000株】海鮮品 5000円相当【注：継続保有制限】,2500,218.0,0.12,,,max逆日歩:2.0,2026-09
False,,2883,大冷,【100株】冷凍食品 2500円相当,2500,20.0,1.2,,,,2026-09
False,,2897,日清食品ホールディングス,【900株】自社グループ商品6000円相当（オンラインストアから選択）,6000,262.0,0.2,300,,max逆日歩:10.0,2026-09
False,,2907,あじかん,【500株】自社製品2000円相当【注：継続保有制限】,800,78.0,0.1,,,注意喚起:注意喚起 / max逆日歩:1.0,2026-09
False,,2911,旭松食品,【2000株】即席みそ汁など 3000円相当【注：継続保有制限】,1500,452.0,0.03,,,,2026-09
False,,2916,仙波糖化工業,【500株】お茶・食べ物など 3000円相当,1500,37.0,0.41,,,,2026-09
False,,2917,大森屋,【1000株】海苔など自社製品 6000円相当,3000,92.0,0.32,,,,2026-09
False,,2933,紀文食品,【300株】自社商品詰合せ（約3500円相当）,3500,34.0,1.0,,,注意喚起:注意喚起 / max逆日歩:29.0,2026-09
False,,2974,大英産業,【100株】クオカード 1000円相当,950,9.0,1.03,,,,2026-09
False,,2998,クリアル,【500株】デジタルギフト5000円相当,4850,5.0,9.26,,,,2026-09
False,,3002,グンゼ,"【100株】通販カタログ商品優待クーポン1,000円相当など",1000,41.0,0.2,0,,max逆日歩:18.0,2026-09
False,,3010,ポラリス・ホールディングス,【500株】宿泊割引券2000円分,1000,9.0,1.06,,,,2026-09
False,,3032,ゴルフ・ドゥ,【500株】ルアンルアン ハーバルフレッシュソープ ジャンボスティック 及び 株主ご優待割引券1枚,500,12.0,0.43,,,,2026-09
False,,3066,ＪＢイレブン,【100株】優待お食事券500円相当 及び 50％割引券,370,7.0,0.57,,,,2026-09
False,,3067,東京一番フーズ,【500株】優待券 5490円相当,2500,23.0,1.08,,,max逆日歩:14.0,2026-09
False,,3069,ＪＦＬＡホールディングス,【500株】【2026まで休止】優待カタログ 3000円相当,1500,8.0,1.81,,,max逆日歩:24,2026-09
False,,3088,マツキヨココカラ＆カンパニー,"【100株】マツキヨココカラポイント2,000円分",2000,25.0,0.8,0,,max逆日歩:6.0,2026-09
False,,3096,オーシャンシステム,【200株】お米3kg(新潟県以外),1250,32.0,0.39,,,,2026-09
False,,3099,三越伊勢丹ホールディングス,【100株】株主様ご優待カード(限度額7.5万円),2200,33.0,0.67,,,max逆日歩:3.0,2026-09
False,,3143,オーウイル,【300株】クオカード1000円相当,950,22.0,0.44,,,,2026-09
False,,3153,八洲電機,【100株】グルメカード 1000円相当,1000,31.0,0.3,,,,2026-09
False,,3167,ＴＯＫＡＩホールディングス,【300株】クオカード 1500円相当,500,14.0,0.4,,,max逆日歩:3.0,2026-09
False,,3175,エー・ピーホールディングス,"【200株】飲食電子チケット もしくは 選べる当社ギフト商品7,000円分",7000,20.0,3.57,,,,2026-09
False,,3176,三洋貿易,【500株】プレミアム優待クラブ2000ポイント,2000,57.0,0.4,,,max逆日歩:0.0,2026-09
False,,3178,チムニー,【100株】食事券 3000円相当,1800,12.0,1.5,,,注意喚起:申込停止 / max逆日歩:21.0,2026-09
False,,3190,ホットマン,【100株】ＪＣＢギフトカード1000円相当,970,6.0,1.66,,,,2026-09
False,,3199,綿半ホールディングス,【100株】信州特産品など 2000円相当【注：継続保有制限】,800,13.0,0.61,,,max逆日歩:0.0,2026-09
False,,3221,ヨシックスホールディングス,【100株】食事優待券 3000円相当,3000,32.0,1.0,,,注意喚起:注意喚起 / max逆日歩:53.0,2026-09
False,,3224,ゼネラル・オイスター,【1000株】OPCポイント 10000ポイント,4000,69.0,0.58,,,,2026-09
False,,3232,三重交通グループホールディングス,【100株】路線バス乗車券2枚など,600,6.0,0.98,,,注意喚起:注意喚起 / max逆日歩:5.0,2026-09
False,,3237,イントランス,"【1000株】デジタルギフト2,500円相当【注：継続保有制限】",2425,9.0,2.58,,,,2026-09
False,,3289,東急不動産ホールディングス,【100株】宿泊優待券,100,13.0,0.08,5000,,max逆日歩:1.0,2026-09
False,,3306,日本製麻,【3000株】【2026のみ】デジタルギフト10000円相当,9700,237.0,0.45,,,,2026-09
False,,3358,Ｔｒａｉｌｈｅａｄ　Ｇｌｏｂａｌ　Ｈｏｌ,"【2500株】オンラインショップ「山小屋からの贈り物」2,050ポイント【注：継続保有制限】",1025,23.0,0.43,,,,2026-09
False,,3359,ｃｏｔｔａ,【1000株】通販サイト優待割引15％ 及び デジタルギフト1万円分,200,78.0,0.03,,,,2026-09
False,,3371,ソフトクリエイトホールディングス,【100株】クオカード 500円相当,500,22.0,0.2,,,max逆日歩:2.0,2026-09
False,,3372,関門海,【100株】優待割引券 2000円相当,400,2.0,1.81,,,注意喚起:申込停止,2026-09
False,,3392,デリカフーズホールディングス,【400株】クオカード2000円相当,1900,32.0,0.59,,,,2026-09
False,,3397,トリドールホールディングス,【100株】優待割引券 3000円相当,3000,43.0,0.7,,,注意喚起:注意喚起 / max逆日歩:5,2026-09
False,,3435,サンコーテクノ,【500株】クオカード1000円相当,950,77.0,0.12,,,,2026-09
False,,3447,信和,【1500株】プレミアム優待クラブ15000P,9000,153.0,0.59,,,,2026-09
False,,3461,パルマ,【100株】クオカード 1000円相当,950,6.0,1.52,,,,2026-09
False,,3465,ケイアイスター不動産,【200株】【分割変更】電子マネー等 1000円相当【注：継続保有制限】,1940,66.0,0.3,,,max逆日歩:16.0,2026-09
False,,3477,フォーライフ,【1000株】【2026記念】プレミアム優待クラブ 10000ポイントなど,6000,92.0,0.66,,,,2026-09
False,,3494,マリオン,【100株】クオカード1000円相当,950,4.0,2.11,,,,2026-09
False,,3529,アツギ,【100株】割引券30%,1000,10.0,0.99,,,max逆日歩:0.0,2026-09
False,,3537,昭栄薬品,【600株】プレミアム優待クラブ20000ポイント,12000,109.0,1.16,,,,2026-09
False,,3561,力の源ホールディングス,"【500株】ご賞味券2枚(2,000円分)",2000,15.0,1.33,,,注意喚起:注意喚起 / max逆日歩:26.0,2026-09
False,,3563,ＦＯＯＤ　＆　ＬＩＦＥ　ＣＯＭＰＡＮＩＥ,"【100株】電子株主優待割引券1,100円相当",1100,49.0,0.2,0,,max逆日歩:2.0,2026-09
False,,3569,セーレン,【100株】割引券20%,1500,33.0,0.46,,,max逆日歩:4.0,2026-09
False,,3591,ワコールホールディングス,【100株】優待割引20％引き,400,40.0,0.1,,,max逆日歩:8.0,2026-09
False,,3598,山喜,【100株】優待券 1000円相当,300,2.0,1.82,,,,2026-09
False,,3648,ＡＧＳ,【200株】クオカード1000円相当【注：継続保有制限】,950,21.0,0.45,,,max逆日歩:1.0,2026-09
False,,3674,オークファン,【300株】QUOカードPay1000円相当,950,10.0,0.94,,,注意喚起:申込停止 / max逆日歩:5.0,2026-09
False,,3679,じげん,【100株】トラベリストポイント500ポイント,500,4.0,1.1,,,max逆日歩:1.0,2026-09
False,,3690,イルグルム,【100株】デジタルギフト1000円相当,970,6.0,1.69,,,注意喚起:申込停止 / max逆日歩:11.0,2026-09
False,,3691,デジタルプラス,【700株】デジタルギフト（金額は株主数に応じて変動）,29100,134.0,2.19,,,,2026-09
False,,3710,ジョルダン,【100株】「乗換案内PREMIUM(株主優待版)」半年間利用権,1980,6.0,3.06,,,注意喚起:注意喚起 / max逆日歩:6.0,2026-09
False,,3712,情報企画,【1000株】カタログギフト5000円相当【注：継続保有制限】,3000,101.0,0.3,,,max逆日歩:5.0,2026-09
False,,3726,フォーシーズＨＤ,"【100株】プレミアムメンバーズ3000P 及び化粧品3,100円相当",2440,4.0,6.13,,,,2026-09
False,,3750,サイトリ細胞研究所,【100株】クオカード2500円相当,2375,8.0,2.8,,,,2026-09
False,,3762,テクマトリックス,"【500株】食品優待カタログ 1,500円相当",1500,126.0,0.1,1000,,max逆日歩:1.0,2026-09
False,,3768,リスクモンスター,【300株】自社商品1500円相当【注：継続保有制限】,600,17.0,0.36,,,max逆日歩:0.0,2026-09
False,,3769,ＧＭＯペイメントゲートウェイ,【100株】自社株式購入時のビットコイン付与【注：継続保有制限】,1000,87.0,0.11,,,,2026-09
False,,3771,システムリサーチ,【100株】クオカード 1000円相当,1000,19.0,0.5,,,max逆日歩:0.0,2026-09
False,,3772,ウェルス・マネジメント,"【200株】グループ運営ホテル株主優待券2,500円分",200,22.0,0.09,,,,2026-09
False,,3778,さくらインターネット,【100株】クオカード 500円相当,500,38.0,0.1,,,max逆日歩:54.0,2026-09
False,,3796,いい生活,【100株】クオカード500円相当,475,3.0,1.42,,,注意喚起:注意喚起,2026-09
False,,3799,キーウェアソリューションズ,【300株】デジタルギフト3000円相当【注：継続保有制限】,2910,35.0,0.85,,,注意喚起:注意喚起 / max逆日歩:19.0,2026-09
False,,3839,ＯＤＫソリューションズ,【100株】クオカード 500円相当,475,6.0,0.76,,,注意喚起:注意喚起 / max逆日歩:11.0,2026-09
False,,3844,コムチュア,【300株】デジタルギフト 1000円相当,1000,40.0,0.3,,,,2026-09
False,,3861,王子ホールディングス,【5000株】植林活動応援イベント,2000,435.0,0.05,,,max逆日歩:0.0,2026-09
False,,3912,モバイルファクトリー,"【1000株】デジタルギフト®10,000円分【注：継続保有制限】",8000,114.0,0.71,,,max逆日歩:0.0,2026-09
False,,3939,カナミックネットワーク,【100株】アーバンフィット24優待券及び【抽選】JCBギフトカード 20万円,50,5.0,0.1,,,,2026-09
False,,3964,オークネット,Ｐ倶楽部,1000,14.0,0.7,,,,2026-09
False,,3965,キャピタル・アセット・プランニング,【300株】クオカード2000円相当【注：継続保有制限】,1900,27.0,0.71,,,,2026-09
False,,3969,エイトレッド,【100株】1000円相当のクオカード,950,14.0,0.68,,,,2026-09
False,,3985,テモナ,【100株】デジタルギフト500円相当【注：継続保有制限】,485,2.0,2.5,,,,2026-09
False,,4008,住友精化,【500株】【分割変更】クオカード1000円相当【注：継続保有制限】,950,76.0,0.13,,,max逆日歩:9.0,2026-09
False,,4051,ＧＭＯフィナンシャルゲート,【100株】自社株式購入時のビットコイン付与【注：継続保有制限】,1000,62.0,0.16,,,,2026-09
False,,4061,デンカ,【1株】化粧品優待価格販売,2000,0.0,58.82,,,max逆日歩:3.0,2026-09
False,,4064,日本カーバイド工業,【100株】デジタルギフト500円,500,36.0,0.1,,,,2026-09
False,,4094,日本化学産業,【300株】クオカード5000円相当,4750,68.0,0.69,,,,2026-09
False,,4124,大阪油化工業,"【100株】クオカード5,000円相当【注：継続保有制限】",4750,30.0,1.6,,,,2026-09
False,,4177,ｉ－ｐｌｕｇ,【100株】デジタルギフト2000円【注：継続保有制限】,1940,14.0,1.32,,,,2026-09
False,,4193,ファブリカホールディングス,【200株】【2027より保有制限】電子ギフト6000円相当,4800,44.0,1.11,,,,2026-09
False,,4196,ネオマーケティング,"【500株】デジタルギフト20,000円",19400,68.0,2.9,,,,2026-09
False,,4218,ニチバン,【100株】文房具 3500円相当【注：継続保有制限】,1400,19.0,0.72,,,max逆日歩:0.0,2026-09
False,,4220,リケンテクノス,【200株】クオカード1000円 及び 家庭用小巻ラップフィルム２本,1000,47.0,0.2,,,max逆日歩:2.0,2026-09
False,,4290,プレステージ・インターナショナル,【100株】【2026記念】クオカード3000円,3000,7.0,4.2,,,注意喚起:注意喚起,2026-09
False,,4323,日本システム技術,【100株】クオカード1000円相当【注：継続保有制限】,950,19.0,0.5,,,max逆日歩:5.0,2026-09
False,,4365,松本油脂製薬,【100株】うどんだし10缶セット【注：継続保有制限】,500,235.0,0.02,,,,2026-09
False,,4373,シンプレクス・ホールディングス,【600株】プレミアム優待クラブ3000ポイント,3000,69.0,0.4,,,,2026-09
False,,4376,くふうカンパニーホールディングス,【100株】グループサービス無料利用券及び割引券（電子チケット）,1000,2.0,5.75,,,,2026-09
False,,4417,グローバルセキュリティエキスパート,【200株】デジタルギフト2000円相当などから選択【注：継続保有制限】,1940,113.0,0.17,,,,2026-09
False,,4421,ディ・アイ・システム,【100株】クオカード1000円相当,950,9.0,1.0,,,,2026-09
False,,4442,バルテス・ホールディングス,【500株】クオカード7500円相当【注：継続保有制限】,7125,20.0,3.53,,,注意喚起:注意喚起 / max逆日歩:1.0,2026-09
False,,4444,インフォネット,【300株】デジタルギフト6500円相当【注：継続保有制限】,6305,29.0,2.21,,,,2026-09
False,,4445,リビン・テクノロジーズ,【200株】デジタルギフト7500円相当,7275,39.0,1.88,,,,2026-09
False,,4447,ピー・ビーシステムズ,【100株】クオカード500円分 及び 特製カレンダー,475,5.0,0.95,,,max逆日歩:5.0,2026-09
False,,4462,石原ケミカル,【200株】クオカード1000円相当,1000,56.0,0.2,200,,max逆日歩:3.0,2026-09
False,,4484,ランサーズ,【500株】デジタルギフト4000円相当【注：継続保有制限】,3880,15.0,2.59,,,,2026-09
False,,4491,コンピューターマネージメント,【100株】クオカード10000円相当,9500,33.0,2.91,,,,2026-09
False,,4526,理研ビタミン,【100株】ドレッシングなど 1000円相当,1000,33.0,0.3,200,,max逆日歩:5.0,2026-09
False,,4539,日本ケミファ,【1株】ヘルスケア商品特別優待販売,1000,0.0,62.5,,,,2026-09
False,,4540,ツムラ,【100株】自社入浴剤1本【注：継続保有制限】,778,38.0,0.2,,,,2026-09
False,,4543,テルモ,【100株】自社施設見学会(抽選)【注：継続保有制限】,1000,23.0,0.44,,,max逆日歩:0.0,2026-09
False,,4559,ゼリア新薬工業,【100株】ヘパリーゼW 10本,1300,20.0,0.64,1000,,max逆日歩:3.0,2026-09
False,,4658,日本空調サービス,【100株】クオカード1000円相当,1000,16.0,0.6,,,max逆日歩:3.0,2026-09
False,,4661,オリエンタルランド,【100株】【2026記念】1dayパスポート1枚,7100,30.0,2.34,,,max逆日歩:2,2026-09
False,,4665,ダスキン,【100株】買物券 1000円相当【注：継続保有制限】,900,47.0,0.19,,,max逆日歩:8.0,2026-09
False,,4676,フジ・メディア・ホールディングス,【100株】オリジナル手帳,400,41.0,0.1,,,max逆日歩:4.0,2026-09
False,,4680,ラウンドワン,【100株】500円割引券,500,12.0,0.4,2000,,max逆日歩:0.0,2026-09
False,,4718,早稲田アカデミー,【100株】株主優待券 5000円相当,5000,25.0,2.0,,,max逆日歩:36,2026-09
False,,4719,アルファシステムズ,【100株】カレンダー,500,33.0,0.15,,,,2026-09
False,,4732,ユー・エス・エス,【100株】クオカード 500円相当,500,19.0,0.3,0,,max逆日歩:4.0,2026-09
False,,4751,サイバーエージェント,【100株】ABEMAプレミアム利用料 3ケ月無料クーポン,3540,12.0,2.8,,,,2026-09
False,,4762,エックスネット,【100株】【2027株数変更あり】クオカード500円相当,475,22.0,0.22,,,,2026-09
False,,4783,ＮＣＤ,【100株】クオカード500円相当,475,26.0,0.18,,,max逆日歩:2.0,2026-09
False,,4801,セントラルスポーツ,【100株】優待券3枚,3000,24.0,1.25,,,,2026-09
False,,4814,ネクストウェア,【500株】OSK自主公演およびブッルクリンパーラー劇場公演 全公演見放題配信チケットなど,,8.0,0.0,,,注意喚起:申込停止,2026-09
False,,4838,スペースシャワーＳＫＩＹＡＫＩホールディ,【100株】【抽選】音楽ライブイベントへの招待抽選権1口,,7.0,0.0,,,,2026-09
False,,4839,ＷＯＷＯＷ,"【100株】Amazonギフトカード2,000円相当など【注：継続保有制限】",1940,10.0,1.94,,,max逆日歩:0.0,2026-09
False,,4901,富士フイルムホールディングス,【100株】自社グループヘルスケア商品優待割引販売,5,34.0,0.0,,,,2026-09
False,,4902,コニカミノルタ,【100株】カレンダー,,7.0,0.0,,,,2026-09
False,,4925,ハーバー研究所,【100株】割引券 10000円相当,3000,17.0,1.73,,,注意喚起:申込停止 / max逆日歩:15.0,2026-09
False,,4931,新日本製薬,【100株】パーフェクトワン モイスチャージェル,4000,20.0,2.0,,,注意喚起:注意喚起 / max逆日歩:15,2026-09
False,,4932,アルマード,【100株】ECサイトクーポン 3000円分,3000,8.0,3.68,,,,2026-09
False,,4937,Ｗａｑｏｏ,【100株】SBC湘南美容クリニック「10％割引チケット」,,24.0,0.0,,,,2026-09
False,,4951,エステー,【1000株】日用品 3000円相当,3000,153.0,0.2,,,max逆日歩:4.0,2026-09
False,,4958,長谷川香料,【100株】クオカード 1000円相当,1000,35.0,0.3,1000,,max逆日歩:6.0,2026-09
False,,4990,昭和化学工業,【1000株】あきたこまち 2kg,500,52.0,0.1,,,,2026-09
False,,4997,日本農薬,【100株】おこめ券4枚,1760,12.0,1.5,,,max逆日歩:1.0,2026-09
False,,5071,ヴィス,【200株】プレミアム優待クラブ1000ポイント,600,28.0,0.2,,,注意喚起:申込停止,2026-09
False,,5121,藤倉コンポジット,【100株】アウトドア用品・ゴルフクラブ優待販売,150,29.0,0.05,,,max逆日歩:0.0,2026-09
False,,5142,アキレス,【100株】優待割引販売,,19.0,0.0,,,max逆日歩:2.0,2026-09
False,,5237,ノザワ,【100株】クオカード1000円【注：継続保有制限】,950,12.0,0.78,,,注意喚起:申込停止,2026-09
False,,5262,日本ヒューム,【600株】プレミアム優待クラブ1500ポイント,1500,67.0,0.2,,,注意喚起:申込停止 / max逆日歩:2.0,2026-09
False,,5290,ベルテクスコーポレーション,【300株】プレミアム優待クラブ3000ポイント,1800,38.0,0.49,,,max逆日歩:4.0,2026-09
False,,5368,日本インシュレーション,【300株】オリジナルカタログギフト2000円相当,1200,31.0,0.4,,,,2026-09
False,,5401,日本製鉄,【1000株】【抽選】自社工場見学など,,68.0,0.0,,,max逆日歩:5.0,2026-09
False,,5463,丸一鋼管,【100株】お米券1kg【注：継続保有制限】,400,17.0,0.23,,,max逆日歩:10.0,2026-09
False,,5607,中央可鍛工業,【100株】クオカード500円,475,6.0,0.78,,,注意喚起:申込停止,2026-09
False,,6033,エクストリーム,【100株】クオカード500円,475,17.0,0.27,,,注意喚起:申込停止,2026-09
False,,6045,レントラックス,【100株】デジタルギフト5000円相当【注：継続保有制限】,4000,21.0,1.93,,,注意喚起:注意喚起 / max逆日歩:29.0,2026-09
False,,6046,リンクバル,"【1000株】デジタルギフト®5,000円分【注：継続保有制限】",4850,15.0,3.17,,,注意喚起:申込停止 / max逆日歩:0.0,2026-09
False,,6050,イー・ガーディアン,【100株】デジタルギフト5000円相当,4850,18.0,2.67,,,注意喚起:申込停止 / max逆日歩:29.0,2026-09
False,,6070,キャリアリンク,【100株】クオカード 500円相当,500,25.0,0.2,,,,2026-09
False,,6073,アサンテ,【100株】【2027より保有制限】ギフトカード 1000円相当,1000,15.0,0.7,,,注意喚起:申込停止 / max逆日歩:5.0,2026-09
False,,6087,アビスト,【500株】プレミアム優待クラブ30000P,18000,178.0,1.01,,,,2026-09
False,,6092,エンバイオ・ホールディングス,【1000株】プレミアム優待クラブ20000ポイント,12000,82.0,1.47,,,注意喚起:申込停止 / max逆日歩:1,2026-09
False,,6140,旭ダイヤモンド工業,【300株】ジュエリー公式 オンラインショップクーポン3000円【注：継続保有制限】,3000,34.0,0.89,,,max逆日歩:1.0,2026-09
False,,6181,タメニー,【100株】パートナーエージェント等入会時登録料無料券など,,1.0,0.0,,,,2026-09
False,,6189,グローバルキッズＣＯＭＰＡＮＹ,"【500株】giftee Box®10,000ポイント【注：継続保有制限】",9700,51.0,1.92,,,注意喚起:注意喚起 / max逆日歩:4.0,2026-09
False,,6193,バーチャレクス・ホールディングス,【200株】クオカード5000円相当,4750,24.0,2.03,,,,2026-09
False,,6240,ヤマシンフィルタ,【200株】クオカード500円相当,500,10.0,0.5,,,max逆日歩:1.0,2026-09
False,,6277,ホソカワミクロン,【100株】化粧品・シャンプー等 2500円相当,2500,61.0,0.4,500,,max逆日歩:7.0,2026-09
False,,6282,オイレス工業,【300株】【回数追加】プレミアム優待クラブ 3000ポイント,3000,89.0,0.3,,,max逆日歩:7.0,2026-09
False,,6316,丸山製作所,"【100株】ＱＵＯカードまたはデジタルギフト® 1,000円分【注：継続保有制限】",950,30.0,0.32,,,注意喚起:申込停止 / max逆日歩:12.0,2026-09
False,,6325,タカキタ,【100株】キャッシュレスポイント1000円相当【注：継続保有制限】,970,4.0,2.33,,,max逆日歩:14.0,2026-09
False,,6332,月島ホールディングス,【500株】【9月新規取得のみ】コシヒカリ2kg,800,135.0,0.06,,,max逆日歩:0.0,2026-09
False,,6339,新東工業,【100株】クオカード 1000円相当【注：継続保有制限】,950,12.0,0.79,,,max逆日歩:2.0,2026-09
False,,6379,レイズネクスト,【400株】プレミアム優待クラブ1500ポイント,500,31.0,0.2,,,max逆日歩:13.0,2026-09
False,,6412,平和,"【200株】ゴルフ場割引券（1,000円）2枚",2000,44.0,0.5,0,,max逆日歩:6.0,2026-09
False,,6417,三共,【500株】吉井カントリークラブ割引券(平日1万円、休日5千円)1枚,5000,106.0,0.5,1000,,max逆日歩:9.0,2026-09
False,,6419,マースグループホールディングス,【1000株】オリジナルカレンダー,,316.0,0.0,,,注意喚起:注意喚起 / max逆日歩:6.0,2026-09
False,,6430,ダイコク電機,【100株】デジタルギフト1000円相当,1000,25.0,0.4,,,max逆日歩:4.0,2026-09
False,,6549,ディーエムソリューションズ,【400株】デジタルギフト3000円相当【注：継続保有制限】,2910,44.0,0.65,,,,2026-09
False,,6551,ツナググループ・ホールディングス,"【500株】デジタルギフト8,000円相当【注：継続保有制限】",7760,30.0,2.5,,,注意喚起:注意喚起 / max逆日歩:0.0,2026-09
False,,6557,ＡＩＡＩグループ,"【600株】【2027廃止】デジタルギフト30,000円分【注：継続保有制限】",29100,43.0,6.81,,,,2026-09
False,,6570,共和コーポレーション,【100株】【2026記念優待】スクイーズ 及び 七味缶,800,38.0,0.23,,,注意喚起:注意喚起 / max逆日歩:8,2026-09
False,,6574,コンヴァノ,"【1000株】【2027廃止】ビットコイン1,000円 及び FASTNAILネイルサービス 無料提",1000,12.0,0.81,,,,2026-09
False,,6625,ＪＡＬＣＯホールディングス,【5000株】クオカード15000円相当,14250,182.0,0.77,,,max逆日歩:8.0,2026-09
False,,6644,大崎電気工業,【100株】デジタルギフト1000円,1000,15.0,0.7,,,,2026-09
False,,6676,バッファロー,【100株】デジタルギフト または バッファロー商品セレクション 5000円相当,4850,35.0,1.4,,,注意喚起:注意喚起 / max逆日歩:9.0,2026-09
False,,6737,ＥＩＺＯ,【100株】割引券20%,,31.0,0.0,,,max逆日歩:4.0,2026-09
False,,6803,ティアック,【5000株】【抽選】オーディオ製品の試聴会,,50.0,0.0,,,,2026-09
False,,6848,東亜ディーケーケー,【300株】クオカード 2000円相当,1900,26.0,0.73,,,max逆日歩:22.0,2026-09
False,,6899,ＡＳＴＩ,"【200株】おこめ券4,400円分",4400,45.0,0.97,,,,2026-09
False,,6942,ソフィアホールディングス,【100株】キル フェ ボン チャージギフトカード3000円相当,3000,15.0,2.06,,,,2026-09
False,,6947,図研,【100株】クオカード 1000円相当,1000,51.0,0.2,200,,max逆日歩:8.0,2026-09
False,,7041,ＣＲＧホールディングス,【500株】デジタルギフト1000円相当,970,17.0,0.57,,,,2026-09
False,,7069,サイバー・バズ,【100株】デジタルギフト1000円分,970,5.0,1.94,,,,2026-09
False,,7075,ＱＬＳホールディングス,【500株】クオカード5000円相当【注：継続保有制限】,4750,50.0,0.96,,,,2026-09
False,,7076,名南Ｍ＆Ａ,【300株】	クオカード15000円相当,14250,31.0,4.57,,,注意喚起:申込停止,2026-09
False,,7084,Ｓｍｉｌｅ　Ｈｏｌｄｉｎｇｓ,"【300株】デジタルギフト7,500円分【注：継続保有制限】",7275,85.0,0.87,,,,2026-09
False,,7087,ウイルテック,【300株】kids smile QUOカード5000円相当【注：継続保有制限】,4750,43.0,1.11,,,注意喚起:注意喚起 / max逆日歩:20.0,2026-09
False,,7090,リグア,"【300株】デジタルギフト10,000円分【注：継続保有制限】",9700,29.0,3.34,,,,2026-09
False,,7091,リビングプラットフォーム,"【200株】デジタルギフトカード12,000円",11640,26.0,4.48,,,,2026-09
False,,7102,日本車輌製造,【100株】オリジナル鉄道カレンダー,,36.0,0.0,,,max逆日歩:0.0,2026-09
False,,7119,ハルメクホールディングス,【100株】お菓子、健康食品、食品の自社商品から選択,1000,21.0,0.47,,,注意喚起:注意喚起 / max逆日歩:24,2026-09
False,,7122,近畿車輛,【200株】オリジナルカレンダー,,49.0,0.0,,,注意喚起:申込停止 / max逆日歩:0.0,2026-09
False,,7127,一家ホールディングス,【100株】食事優待券2500円相当（電子チケット）,1100,7.0,1.56,,,,2026-09
False,,7129,ミアヘルサホールディングス,【100株】クオカード1000円相当,950,12.0,0.81,,,,2026-09
False,,7185,ヒロセ通商,【100株】食品等詰合せ10000円相当,5000,39.0,1.29,,,,2026-09
False,,7201,日産自動車,【100株】株主様紹介特典制度,,3.0,0.0,,,max逆日歩:0.0,2026-09
False,,7213,レシップホールディングス,【500株】岐阜県産柿など【注：継続保有制限】,1400,33.0,0.42,,,注意喚起:注意喚起 / max逆日歩:2.0,2026-09
False,,7231,トピー工業,【100株】交通傷害保険,,31.0,0.0,,,max逆日歩:6.0,2026-09
False,,7241,フタバ産業,【100株】【2027より保有制限】クオカード1000円,1000,11.0,0.9,,,,2026-09
False,,7273,イクヨ,"【1000株】クオカード60,000円【注：継続保有制限】",57000,63.0,9.15,,,,2026-09
False,,7278,エクセディ,【100株】カタログギフト 3000円相当【注：継続保有制限】,1800,60.0,0.3,,,max逆日歩:23.0,2026-09
False,,7296,エフ・シー・シー,【200株】三ヶ日青島みかん 4kg【注：継続保有制限】,1250,85.0,0.15,,,max逆日歩:4.0,2026-09
False,,7380,十六フィナンシャルグループ,【1000株】カタログギフト3000円相当,1800,271.0,0.07,,,max逆日歩:6.0,2026-09
False,,7412,アトム,【100株】優待ポイント 500円相当,325,3.0,0.93,,,注意喚起:注意喚起 / max逆日歩:24,2026-09
False,,7419,ノジマ,【300株】割引券10% 15枚,2.0,38.0,3.9,1000,,max逆日歩:4.0,2026-09
False,,7421,カッパ・クリエイト,【100株】優待カード 3000円相当,3000,16.0,1.9,,,注意喚起:申込停止 / max逆日歩:27.0,2026-09
False,,7446,東北化学薬品,【100株】生花など3000円相当,1200,45.0,0.26,,,,2026-09
False,,7458,第一興商,【200株】優待券5000円相当,5000,38.0,1.3,1000,,max逆日歩:9.0,2026-09
False,,7462,ＣＡＰＩＴＡ,【800株】プレミアム優待クラブ5000ポイント,3000,33.0,0.92,,,,2026-09
False,,7472,鳥羽洋行,【100株】クオカード1000円相当,950,39.0,0.25,,,注意喚起:申込停止 / max逆日歩:0.0,2026-09
False,,7476,アズワン,【100株】クオカード1000円相当【注：継続保有制限】,950,25.0,0.37,,,max逆日歩:7.0,2026-09
False,,7481,尾家産業,"【100株】自社商品セット 2,000円相当【注：継続保有制限】",1000,26.0,0.39,,,,2026-09
False,,7494,コナカ,【100株】紳士服コナカ等20％割引3枚など,90,2.0,0.38,,,max逆日歩:2.0,2026-09
False,,7502,プラザホールディングス,【100株】THE GLAMPING PLAZA平日素泊まり優待券（半額）などから選択,,17.0,0.0,,,,2026-09
False,,7505,扶桑電通,【100株】クオカード1000円相当,950,21.0,0.45,,,,2026-09
False,,7510,たけびし,【100株】クオカード 1000円相当,1000,28.0,0.4,,,注意喚起:注意喚起 / max逆日歩:5.0,2026-09
False,,7522,ワタミ,【100株】食事優待券 4000円相当（500円券8枚）,4000,9.0,4.5,,,max逆日歩:2.0,2026-09
False,,7539,アイナボホールディングス,【100株】デジタルギフト1000円相当,970,8.0,1.19,,,max逆日歩:10.0,2026-09
False,,7550,ゼンショーホールディングス,【100株】食事優待券 1000円相当,1000,102.0,0.1,5000,,max逆日歩:4.0,2026-09
False,,7551,ウェッズ,【1000株】クオカード2000円相当,1900,70.0,0.27,,,max逆日歩:4.0,2026-09
False,,7555,大田花き,【100株】クオカード 500円相当,475,7.0,0.63,,,,2026-09
False,,7562,安楽亭,"【100株】株主ご優待券6,500円 及び 指定商品引換券3枚",981,38.0,0.26,,,,2026-09
False,,7578,ニチリョク,【100株】自社商品などの優待割引など,2000,1.0,26.32,,,,2026-09
False,,7593,ＶＴホールディングス,【100株】株主優待券,200,5.0,0.38,,,max逆日歩:1.0,2026-09
False,,7595,アルゴＧ,カレンダ,,13.0,,,,,2026-09
False,,7596,魚力,【100株】海産物 2000円相当,2000,23.0,0.9,,,,2026-09
False,,7616,コロワイド,【500株】優待ポイント 20000円相当,2,100.0,2.0,,,注意喚起:注意喚起 / max逆日歩:16,2026-09
False,,7621,うかい,【100株】箱根ガラスの森 入場券5枚 及び 株主様ご優待券3000円 3枚,10000,35.0,2.92,,,,2026-09
False,,7628,オーハシテクニカ,【100株】お米券1kg,440,12.0,0.4,,,注意喚起:注意喚起 / max逆日歩:4.0,2026-09
False,,7634,星医療酸器,【100株】ライフステージ阿佐ヶ谷優待割引,,52.0,0.0,,,,2026-09
False,,7638,ＮＥＷ　ＡＲＴ　ＨＯＬＤＩＮＧＳ,【1株】株主優待カード（割引）,1000,0.0,71.43,,,max逆日歩:5.0,2026-09
False,,7643,ダイイチ,【100株】ＶＪＡギフトカード2000円相当,1940,17.0,1.13,,,,2026-09
False,,7646,ＰＬＡＮＴ,【100株】図書カードなど 1000円相当【注：継続保有制限】,750,18.0,0.41,,,,2026-09
False,,7677,ヤシマキザイ,【100株】プレミアム優待クラブ3000円相当,1800,28.0,0.65,,,,2026-09
False,,7698,アイスコ,【100株】ハーゲンダッツギフト券4枚,2380,29.0,0.84,,,,2026-09
False,,7711,助川電気工業,【1000株】クオカード3000円相当,2850,508.0,0.06,,,,2026-09
False,,7752,リコー,【1株】株主優待販売,1500,0.0,88.24,,,max逆日歩:2.0,2026-09
False,,7792,コラントッテ,【100株】ECストア割引クーポン5000円相当,5000,15.0,3.33,,,,2026-09
False,,7800,アミファ,【100株】クオカードPay 1000円相当【注：継続保有制限】,950,10.0,0.96,,,,2026-09
False,,7806,ＭＴＧ,"【100株】MTG公式オンラインショップ7,000ポイント【注：継続保有制限】",4200,82.0,0.52,,,max逆日歩:55.0,2026-09
False,,7819,粧美堂,【300株】自社商品 3000円相当,1200,30.0,0.41,,,max逆日歩:4.0,2026-09
False,,7823,アートネイチャー,【700株】プレミアム優待クラブ3000ポイント,3000,58.0,0.5,,,注意喚起:注意喚起 / max逆日歩:2.0,2026-09
False,,7837,アールシーコア,【100株】フェザント山中湖 優待割引,,4.0,0.0,,,注意喚起:申込停止 / max逆日歩:0.0,2026-09
False,,7839,ＳＨＯＥＩ,【100株】ノベルティグッズなど,1500,21.0,0.71,,,max逆日歩:6.0,2026-09
False,,7857,セキ,【100株】セキ美術館招待券　2枚,,13.0,0.0,,,,2026-09
False,,7867,タカラトミー,【100株】割引券20～40%,500,41.0,0.12,,,max逆日歩:2.0,2026-09
False,,7872,エステールホールディングス,【100株】クオカード 500円相当,475,6.0,0.77,,,,2026-09
False,,7885,タカノ,【100株】自社商品 1000円相当,400,11.0,0.35,,,注意喚起:申込停止 / max逆日歩:9,2026-09
False,,7914,共同印刷,【200株】クオカード500円相当【注：継続保有制限】,475,35.0,0.13,,,max逆日歩:8.0,2026-09
False,,7916,光村印刷,【100株】自社オリジナルカレンダー,,19.0,0.0,,,注意喚起:申込停止 / max逆日歩:0.0,2026-09
False,,7919,野崎印刷紙業,"【1000株】オリジナルQUOカード 1,000円分",950,22.0,0.43,,,注意喚起:申込停止 / max逆日歩:0.0,2026-09
False,,7952,河合楽器製作所,【100株】クオカード500円及び抽選優待,500,33.0,0.2,,,max逆日歩:9.0,2026-09
False,,7979,松風,【100株】全国共通おこめ券2枚【注：継続保有制限】,,23.0,0.0,,,max逆日歩:3.0,2026-09
False,,7980,重松製作所,【1000株】花粉マスクなど 5000円相当,2000,86.0,0.23,,,,2026-09
False,,8022,美津濃,【100株】ミズノ公式オンラインショップ 20％割引など,20,41.0,0.0,,,max逆日歩:6.0,2026-09
False,,8023,ＤＡＩＫＯ　ＸＴＥＣＨ,【100株】クオカード1000円相当,950,11.0,0.91,,,max逆日歩:3.0,2026-09
False,,8041,ＯＵＧホールディングス,【100株】水産加工品等の自社商品 3500円相当,1750,46.0,0.38,,,注意喚起:申込停止 / max逆日歩:43.0,2026-09
False,,8043,スターゼン,"【100株】【2026記念】マックカード1,000円分",1000,15.0,0.6,,,max逆日歩:10.0,2026-09
False,,8045,横浜丸魚,【300株】	自社取扱商品 又は 取引先施設利用券 5000円,2000,63.0,0.32,,,,2026-09
False,,8052,椿本興業,【100株】クオカード2000円相当,2000,29.0,0.7,,,注意喚起:注意喚起 / max逆日歩:9.0,2026-09
False,,8059,第一実業,【400株】プレミアム優待クラブ20000ポイント,600,37.0,0.2,,,注意喚起:注意喚起,2026-09
False,,8081,カナデン,【100株】クオカード500円相当,500,26.0,0.2,,,,2026-09
False,,8089,ナイス,【100株】クオカード500円相当,475,20.0,0.24,,,注意喚起:申込停止 / max逆日歩:3.0,2026-09
False,,8098,稲畑産業,【100株】クオカード 500円相当,500,45.0,0.1,200,,max逆日歩:6.0,2026-09
False,,8101,ＧＳＩクレオス,【100株】クオカード1000円相当【注：継続保有制限】,950,26.0,0.36,,,max逆日歩:0.0,2026-09
False,,8111,ゴールドウイン,【100株】Goldwin Online Store株主優待割引クーポン15%,,22.0,0.0,,,max逆日歩:9,2026-09
False,,8118,キング,【100株】ファミリーセール招待,1300,12.0,1.11,,,max逆日歩:1.0,2026-09
False,,8135,ゼット,【100株】オンラインショップ20%割引,,4.0,0.0,,,,2026-09
False,,8136,サンリオ,【100株】サンリオピューロランド優待券1枚,1800,12.0,1.49,5000,,max逆日歩:4.0,2026-09
False,,8151,東陽テクニカ,【300株】プレミアム優待クラブ5000ポイント,5000,57.0,0.9,,,注意喚起:注意喚起 / max逆日歩:0.0,2026-09
False,,8153,モスフードサービス,【100株】優待券 1000円相当,1000,39.0,0.3,0,,max逆日歩:28,2026-09
False,,8157,都築電気,【100株】オリジナルカタログ商品1000円相当（クオカードあり）,1000,43.0,0.2,200,,注意喚起:注意喚起 / max逆日歩:8.0,2026-09
False,,8160,木曽路,【100株】食事券 1600円相当,1600,24.0,0.7,,,注意喚起:注意喚起 / max逆日歩:40,2026-09
False,,8163,ＳＲＳホールディングス,【100株】食事券 1000円相当,1000,15.0,0.7,,,注意喚起:注意喚起 / max逆日歩:17.0,2026-09
False,,8173,Ｊｏｓｈｉｎ,【100株】株主ご優待カード（200円✕11回）,1,44.0,2.3,,,max逆日歩:12.0,2026-09
False,,8207,テンアライド,【100株】飲食優待券 1000円相当,700,3.0,2.33,,,,2026-09
False,,8214,ＡＯＫＩホールディングス,【100株】割引券20% 5枚,3000,17.0,1.75,1000,,max逆日歩:4.0,2026-09
False,,8219,青山商事,【100株】株主優待割引券20% 3枚,330,8.0,0.43,0,,max逆日歩:12.0,2026-09
False,,8228,マルイチ産商,【100株】オリジナルカレー2000円相当【注：継続保有制限】,1000,10.0,0.95,,,注意喚起:申込停止,2026-09
False,,8242,エイチ・ツー・オー　リテイリング,【100株】おこめ1kgなどから選択,200,28.0,0.07,500,,max逆日歩:1.0,2026-09
False,,8255,アクシアル　リテイリング,【100株】株主優待券500円,500,13.0,0.4,,,max逆日歩:4.0,2026-09
False,,8275,フォーバル,【100株】EJOICAセレクトギフト2000円相当,2000,10.0,2.0,,,max逆日歩:31.0,2026-09
False,,8281,ゼビオホールディングス,【100株】20％割引優待券1枚など,500,11.0,0.44,1000,,max逆日歩:2.0,2026-09
False,,8282,ケーズホールディングス,【100株】優待券 1000円相当,1000,19.0,0.5,6000,,max逆日歩:3.0,2026-09
False,,8316,三井住友フィナンシャルグループ,【100株】【2027分割】Vポイント5000ポイントなど【注：継続保有制限】,4000,67.0,0.59,,,max逆日歩:2.0,2026-09
False,,8336,武蔵野銀行,【200株】【2027より保有制限】クオカード1000円,1000,57.0,0.2,,,max逆日歩:3.0,2026-09
False,,8345,岩手銀行,【100株】ATM手数料無料,,27.0,0.0,,,,2026-09
False,,8361,大垣共立銀行,【500株】【2027分割変更】カタログギフト5000円相当【注：継続保有制限】,3000,422.0,0.07,,,,2026-09
False,,8370,紀陽銀行,【400株】【2026のみ】カタログギフト3000円相当,3000,174.0,0.2,,,max逆日歩:3.0,2026-09
False,,8421,信金中央金庫,【1口】調味料,500,19.0,0.26,,,max逆日歩:1575,2026-09
False,,8544,京葉銀行,【500株】金利優遇,,142.0,0.0,,,max逆日歩:2.0,2026-09
False,,8601,大和証券グループ本社,"【1000株】クオカード2,000円相当",2000,180.0,0.1,0,,max逆日歩:0.0,2026-09
False,,8624,いちよし証券,【100株】カレンダー,,17.0,0.0,,,max逆日歩:0.0,2026-09
False,,8698,マネックスグループ,【100株】マネックスポイント100P,80,7.0,0.11,,,,2026-09
False,,8705,日産証券グループ,"【100株】【対象：タートルプラン新規申込】クオカード3,000円相当",3000,2.0,13.27,,,max逆日歩:4,2026-09
False,,8739,スパークス・グループ,【300株】プレミアム優待クラブ 2000ポイント,2000,79.0,0.3,,,max逆日歩:14.0,2026-09
False,,8789,フィンテック　グローバル,【1000株】ムーミンバレーパークの当日チケット50％割引（２名様分）,2500,16.0,1.54,,,,2026-09
False,,8798,アドバンスクリエイト,【100株】【2026休止】カタログギフト4180円相当 及び 保険市場clubOff1年間無料,2508,1.0,18.31,,,max逆日歩:18.0,2026-09
False,,8818,京阪神ビルディング,【600株】プレミアム優待クラブ25000ポイント,2.0,65.0,3.9,,,注意喚起:注意喚起,2026-09
False,,8850,スターツコーポレーション,【100株】自社サービス割引券12枚,228,47.0,0.05,,,max逆日歩:6.0,2026-09
False,,8892,エスコン,【1000株】クオカード1000円相当【注：継続保有制限】,950,110.0,0.09,,,,2026-09
False,,8897,ＭＩＲＡＲＴＨホールディングス,【1000株】プレミアム優待クラブ3000ポイント,3000,45.0,0.7,,,,2026-09
False,,8938,グローム・ホールディングス,【100株】医療サービス割引券,,3.0,0.0,,,,2026-09
False,,8986,大和証券リビング投資法人,【1口】介護施設等における優待サービス,,9.0,0.0,,,max逆日歩:270,2026-09
False,,9001,東武鉄道,【200株】電車全線優待乗車証（回数券式）2枚,1400,59.0,0.24,11600,,max逆日歩:5.0,2026-09
False,,9003,相鉄ホールディングス,【200株】電車全線回数券 6枚,1200,53.0,0.23,,,max逆日歩:6.0,2026-09
False,,9005,東急,【100株】電車・バス全線キップ2枚,460,16.0,0.28,5000,,max逆日歩:3.0,2026-09
False,,9006,京浜急行電鉄,【200株】電車・バス全線キップ2枚,820,15.0,0.26,0,,max逆日歩:4.0,2026-09
False,,9007,小田急電鉄,【500株】電車全線キップ4枚,1800,89.0,0.2,,,max逆日歩:2.0,2026-09
False,,9008,京王電鉄,【100株】電車全線優待乗車券2枚,560,8.0,0.72,,,max逆日歩:32,2026-09
False,,9009,京成電鉄,【100株】回数券式(電車)1枚,750,13.0,0.55,,,max逆日歩:1.0,2026-09
False,,9010,富士急行,【100株】電車・バス・観光施設共通優待券5枚,12500,26.0,4.73,,,注意喚起:注意喚起 / max逆日歩:101.0,2026-09
False,,9023,東京地下鉄,【200株】全線きっぷ3枚,480,31.0,0.15,,,max逆日歩:2.0,2026-09
False,,9024,西武ホールディングス,【300株】電車・バス全線キップ2枚,760,107.0,0.07,0,,max逆日歩:2.0,2026-09
False,,9029,ヒガシホールディングス,【500株】クオカード1000円相当,950,91.0,0.1,,,,2026-09
False,,9031,西日本鉄道,【100株】電車・バス全線キップ2枚,1000,31.0,0.32,,,max逆日歩:4,2026-09
False,,9033,広島電鉄,【500株】優待乗車券 4枚など,800,32.0,0.25,,,注意喚起:申込停止 / max逆日歩:1.0,2026-09
False,,9035,第一交通産業,【100株】タクシークーポン券など1000円相当,600,8.0,0.8,,,,2026-09
False,,9039,サカイ引越センター,【300株】岩手県産銀河のしずく5kg 又は クオカード2000円相当等から選択【注：継続保有制限】,1900,92.0,0.21,,,max逆日歩:9.0,2026-09
False,,9041,近鉄グループホールディングス,【100株】沿線招待乗車券4枚【注：継続保有制限】,6400,35.0,1.8,,,max逆日歩:7.0,2026-09
False,,9042,阪急阪神ホールディングス,【100株】電車全線キップ2枚,1160,45.0,0.25,6200,,max逆日歩:4.0,2026-09
False,,9044,ＮＡＮＫＡＩ,【200株】【2028より保有制限】電車全線キップ6枚,4800,64.0,0.76,10300,,max逆日歩:4.0,2026-09
False,,9045,京阪ホールディングス,【300株】京阪電車全線きっぷ 10枚 及び プレミアムカー券引換券2枚【注：継続保有制限】,3700,96.0,0.38,,,max逆日歩:7.0,2026-09
False,,9046,神戸電鉄,【100株】電車全線乗車券4枚,1680,25.0,0.68,,,注意喚起:申込停止 / max逆日歩:50,2026-09
False,,9048,名古屋鉄道,【600株】電車全線乗車券2枚【注：継続保有制限】,1500,112.0,0.13,,,max逆日歩:9,2026-09
False,,9051,センコン物流,【500株】お米５㎏ または 東北の特産品 2300円相当,1150,64.0,0.18,,,,2026-09
False,,9052,山陽電気鉄道,【100株】電車全線乗車券2枚,1100,20.0,0.55,,,注意喚起:注意喚起 / max逆日歩:34.0,2026-09
False,,9081,神奈川中央交通,【100株】電車全線乗車券5枚,1000,40.0,0.25,,,注意喚起:注意 / max逆日歩:17.0,2026-09
False,,9083,神姫バス,【100株】株主優待乗車券5枚,500,20.0,0.25,,,注意喚起:申込停止,2026-09
False,,9090,ＡＺ－ＣＯＭ丸和ホールディングス,【400株】プレミアム優待クラブ3000ポイント,3000,36.0,0.8,,,注意喚起:注意喚起,2026-09
False,,9104,商船三井,【100株】フェリーサービス共通クーポン券1枚など,25,71.0,0.0,,,max逆日歩:86.0,2026-09
False,,9201,日本航空,【200株】割引券50％,1200,62.0,0.2,1000,,max逆日歩:3.0,2026-09
False,,9202,ＡＮＡホールディングス,【100株】割引券50%,1700,30.0,0.57,,,max逆日歩:2.0,2026-09
False,,9206,スターフライヤー,【100株】優待50%割引券 3枚,4800,20.0,2.47,,,,2026-09
False,,9212,Ｇｒｅｅｎ　Ｅａｒｔｈ　Ｉｎｓｔｉｔｕｔ,【100株】【2026記念】クオカード1000円相当,950,3.0,3.37,,,,2026-09
False,,9221,フルハシＥＰＯ,"【200株】デジタルギフト5,000円分",4850,24.0,2.05,,,,2026-09
False,,9223,ＡＳＮＯＶＡ,【1000株】プレミアム優待クラブ15000P,9000,42.0,2.14,,,,2026-09
False,,9244,デジタリフト,"【300株】デジタルギフト6,000円相当【注：継続保有制限】",5820,45.0,1.34,,,,2026-09
False,,9246,プロジェクトホールディングス,【300株】プレミアム優待クラブ5000ポイント,3000,33.0,0.89,,,,2026-09
False,,9247,ＴＲＥホールディングス,【1000株】石川県ブランド米「ひゃくまん穀」10kg【注：継続保有制限】,5000,178.0,0.28,,,,2026-09
False,,9249,日本エコシステム,【500株】クオカード15000円相当,14250,83.0,1.71,,,,2026-09
False,,9274,ＫＰＰグループホールディングス,"【100株】図書カード1,000円分",1000,11.0,0.9,,,max逆日歩:2.0,2026-09
False,,9305,ヤマタネ,【300株】⼭種美術館カレンダー 及び 厳選こだわり⽶2㎏,500,21.0,0.08,,,max逆日歩:6.0,2026-09
False,,9319,中央倉庫,【300株】クオカード1000円相当,1000,54.0,0.2,,,max逆日歩:3.0,2026-09
False,,9322,川西倉庫,【100株】クオカード500円相当,475,25.0,0.19,,,,2026-09
False,,9330,揚羽,【300株】デジタルギフト8000円相当【注：継続保有制限】,7760,27.0,2.87,,,,2026-09
False,,9342,スマサポ,【300株】クオカード2000円相当,1900,29.0,0.66,,,,2026-09
False,,9347,日本管財ホールディングス,【100株】カタログギフト2000円相当,2000,30.0,0.7,,,max逆日歩:4.0,2026-09
False,,9368,キムラユニティー,【200株】お米券2kg,880,19.0,0.5,,,max逆日歩:5.0,2026-09
False,,9404,日本テレビホールディングス,【100株】Hulu 1ヶ月分チケットなど,400,29.0,0.13,,,max逆日歩:1.0,2026-09
False,,9405,朝日放送グループホールディングス,【100株】クオカード 500円相当,500,9.0,0.6,,,max逆日歩:3.0,2026-09
False,,9409,テレビ朝日ホールディングス,【100株】【抽選】番組観覧招待など,,31.0,0.0,,,max逆日歩:3.0,2026-09
False,,9413,テレビ東京ホールディングス,【100株】【抽選】番組観覧招待など,,34.0,0.0,,,max逆日歩:2.0,2026-09
False,,9470,学研ホールディングス,【100株】株主優待ポイント1000ポイント【注：継続保有制限】,600,11.0,0.56,,,max逆日歩:1.0,2026-09
False,,9517,イーレックス,【300株】プレミアム優待クラブ2000ポイント,2000,25.0,0.8,,,注意喚起:注意喚起 / max逆日歩:3.0,2026-09
False,,9536,西部ガスホールディングス,【200株】プレミアム優待クラブ 6000ポイント,6000,52.0,1.2,,,注意喚起:注意喚起 / max逆日歩:4.0,2026-09
False,,9553,マイクロアド,"【800株】デジタルギフト®7,000円分",6790,52.0,1.31,,,注意喚起:申込停止 / max逆日歩:3,2026-09
False,,9562,ビジネスコーチ,"【400株】デジタルギフト® 2,000円分",1600,28.0,0.59,,,,2026-09
False,,9564,ＦＣＥ,【100株】デジタルギフト1000円相当,970,6.0,1.73,,,,2026-09
False,,9605,東映,【500株】映画優待券6枚,12600,300.0,0.42,10000,,max逆日歩:5.0,2026-09
False,,9616,共立メンテナンス,【100株】株主様ご優待割引券2000円 及び 株主様リゾートホテル優待券1枚,2000,32.0,0.6,,,max逆日歩:2.0,2026-09
False,,9633,東京テアトル,【100株】映画招待券4枚,800,19.0,0.42,,,注意喚起:申込停止 / max逆日歩:19.0,2026-09
False,,9635,武蔵野興業,【100株】武蔵野館映画無料優待券 4枚など,8000,26.0,3.12,,,,2026-09
False,,9643,中日本興業,【100株】劇場招待券1冊など,2000,110.0,0.18,,,,2026-09
False,,9644,タナベコンサルティンググループ,【100株】デジタルギフト500円相当,500,8.0,0.7,,,注意喚起:注意,2026-09
False,,9658,ビジネスブレイン太田昭和,【100株】デジタルギフト500円相当,500,11.0,0.4,,,,2026-09
False,,9679,ホウライ,【100株】ピュアミルクアイス５個セット引換券,750,23.0,0.33,,,,2026-09
False,,9701,東京會舘,【100株】株主ご優待割引券 4枚,,44.0,0.0,,,,2026-09
False,,9713,ロイヤルホテル,【500株】リーガメンバーズポイント10000P 及び ご宿泊優待券15枚など,4500,46.0,0.98,,,注意喚起:申込停止 / max逆日歩:0.0,2026-09
False,,9726,ＫＮＴ－ＣＴホールディングス,【100株】割引券2枚,60,20.0,0.03,,,,2026-09
False,,9759,ＮＳＤ,【100株】クオカード 1000円相当,1000,29.0,0.3,2000,,max逆日歩:2.0,2026-09
False,,9795,ステップ,【100株以上】クオカード500円相当,500,23.0,0.2,,,注意喚起:注意喚起 / max逆日歩:5.0,2026-09
False,,9816,ストライダーズ,【100株】ECサイト「北陸マルシェ」及び グループホテル宿泊での割引利用クーポン券1000円,1000,3.0,3.89,,,,2026-09
False,,9823,マミーマートホールディングス,"【500株】株主ご優待券2,000円分 及び 当社オリジナル商品詰め合せ",2000,51.0,0.4,,,,2026-09
False,,9828,Ｇｅｎｋｉ　Ｇｌｏｂａｌ　Ｄｉｎｉｎｇ,【200株】食事優待券 1500円相当,1000,34.0,0.3,,,max逆日歩:22.0,2026-09
False,,9831,ヤマダホールディングス,【100株】買物券 1000円相当,1000,7.0,1.4,1000,,max逆日歩:2.0,2026-09
False,,9832,オートバックスセブン,【100株】オートバックス限定Ｖポイント1000ポイント【注：継続保有制限】,850,16.0,0.53,,,max逆日歩:5.0,2026-09
False,,9849,共同紙販ホールディングス,【100株】ティッシュなど紙製品 2000円相当,800,45.0,0.18,,,,2026-09
False,,9850,グルメ杵屋,【100株】食事優待券 1000円相当,1000,10.0,1.0,,,注意喚起:申込停止 / max逆日歩:10,2026-09
False,,9854,愛眼,【100株】割引券30%,380,3.0,1.38,,,注意喚起:申込停止 / max逆日歩:0.0,2026-09
False,,9878,セキド,【500株】コスメセット5000円,1500,21.0,0.72,,,,2026-09
False,,9882,イエローハット,"【100株】割引券3,000円分＋商品引換券1枚【注：継続保有制限】",3000,17.0,1.74,,,max逆日歩:5.0,2026-09
False,,9890,マキヤ,【100株】買物割引券 1200円相当,360,15.0,0.24,,,,2026-09
False,,9895,コンセック,【100株】ラ・バモンドライト及び ふりかけ詰合わせ,1000,13.0,0.78,,,,2026-09
False,,9900,サガミホールディングス,"【1000株】株主様御優待券7,000円分",7000,109.0,0.6,,,注意喚起:注意喚起 / max逆日歩:10.0,2026-09
False,,9902,日伝,【100株】さぬきうどん300g×3袋,500,33.0,0.15,1000,,max逆日歩:8.0,2026-09
False,,9904,ベリテ,【1000株】株主様ご優待割引カード10％割引,,24.0,0.0,,,,2026-09
False,,9936,王将フードサービス,【100株】食事優待券 2500円相当,2500,29.0,0.9,0,,max逆日歩:23,2026-09
False,,9950,ハチバン,【100株】優待食事券 2500円相当,1750,34.0,0.52,,,,2026-09
False,,9955,ヨンキュウ,【200株】「薩摩の若うなぎ」の蒲焼 3000円相当,1500,56.0,0.27,,,,2026-09
False,,9997,ベルーナ,【100株】優待クーポン1000円相当など,1000,11.0,0.9,200,,max逆日歩:2.0,2026-09
